pocket_id,priority_score,tier
NS-0001,51.37,Medium
NS-0002,15.2,Low
NS-0003,26.94,Low
NS-0004,39.89,Medium
NS-0005,39.76,Medium
NS-0006,29.23,Low
NS-0007,40.8,Medium
NS-0008,69.12,High
NS-0009,36.29,Medium
NS-0010,38.56,Medium
NS-0011,34.04,Low
NS-0012,44.57,Medium
NS-0013,45.21,Medium
NS-0014,27.68,Low
NS-0015,62.95,High
NS-0016,41.81,Medium
NS-0017,65.71,High
NS-0018,35.17,Medium
NS-0019,42.42,Medium
NS-0020,44.58,Medium
NS-0021,41.34,Medium
NS-0022,31.33,Low
NS-0023,62.1,High
NS-0024,46.79,Medium
NS-0025,64.29,High
NS-0026,41.77,Medium
NS-0027,52.9,Medium
NS-0028,41.82,Medium
NS-0029,52.42,Medium
NS-0030,63.78,High
NS-0031,54.52,Medium
NS-0032,58.6,High
NS-0033,58.74,High
NS-0034,36.25,Medium
NS-0035,48.56,Medium
NS-0036,11.78,Low
NS-0037,41.1,Medium
NS-0038,59.6,High
NS-0039,18.61,Low
NS-0040,42.52,Medium
NS-0041,50.34,Medium
NS-0042,44.49,Medium
NS-0043,29.55,Low
NS-0044,18.98,Low
NS-0045,45.78,Medium
NS-0046,35.5,Medium
NS-0047,39.33,Medium
NS-0048,62.27,High
NS-0049,36.68,Medium
NS-0050,39.93,Medium
NS-0051,35.19,Medium
NS-0052,55.39,High
NS-0053,44.37,Medium
NS-0054,69.81,High
NS-0055,45.92,Medium
NS-0056,58.81,High
NS-0057,19.19,Low
NS-0058,55.81,High
NS-0059,38.72,Medium
NS-0060,45.66,Medium
NS-0061,23.87,Low
NS-0062,64.87,High
NS-0063,28.16,Low
NS-0064,57.95,High
NS-0065,45.12,Medium
NS-0066,40.67,Medium
NS-0067,24.42,Low
NS-0068,18.69,Low
NS-0069,57.03,High
NS-0070,36.6,Medium
NS-0071,42.58,Medium
NS-0072,46.8,Medium
NS-0073,47.86,Medium
NS-0074,49.76,Medium
NS-0075,41.54,Medium
NS-0076,66.08,High
NS-0077,42.55,Medium
NS-0078,40.79,Medium
NS-0079,23.35,Low
NS-0080,40.91,Medium
NS-0081,64.46,High
NS-0082,31.99,Low
NS-0083,47.78,Medium
NS-0084,58.49,High
NS-0085,38.63,Medium
NS-0086,39.95,Medium
NS-0087,57.45,High
NS-0088,28.92,Low
NS-0089,17.06,Low
NS-0090,17.25,Low
NS-0091,21.33,Low
NS-0092,64.17,High
NS-0093,21.9,Low
NS-0094,47.23,Medium
NS-0095,51.81,Medium
NS-0096,57.65,High
NS-0097,69.63,High
NS-0098,67.8,High
NS-0099,23.88,Low
NS-0100,57.86,High
NS-0101,34.01,Low
NS-0102,16.36,Low
NS-0103,29.67,Low
NS-0104,37.46,Medium
NS-0105,53.53,Medium
NS-0106,61.59,High
NS-0107,31.19,Low
NS-0108,49.79,Medium
NS-0109,74.01,High
NS-0110,63.04,High
NS-0111,22.06,Low
NS-0112,46.5,Medium
NS-0113,52.53,Medium
NS-0114,66.93,High
NS-0115,50.89,Medium
NS-0116,57.39,High
NS-0117,46.69,Medium
NS-0118,44.63,Medium
NS-0119,35.7,Medium
NS-0120,20.22,Low
NS-0121,72.05,High
NS-0122,55.75,High
NS-0123,53.14,Medium
NS-0124,66.23,High
NS-0125,47.53,Medium
NS-0126,62.34,High
NS-0127,39.8,Medium
NS-0128,12.04,Low
NS-0129,66.26,High
NS-0130,24.54,Low
NS-0131,47.83,Medium
NS-0132,54.22,Medium
NS-0133,40.51,Medium
NS-0134,69.13,High
NS-0135,70.54,High
NS-0136,55.96,High
NS-0137,36.53,Medium
NS-0138,73.59,High
NS-0139,56.45,High
NS-0140,58.67,High
NS-0141,36.09,Medium
NS-0142,34.64,Low
NS-0143,65.05,High
NS-0144,9.29,Low
NS-0145,21.54,Low
NS-0146,54.36,Medium
NS-0147,43.39,Medium
NS-0148,33.23,Low
NS-0149,32.07,Low
NS-0150,37.96,Medium
NS-0151,41.97,Medium
NS-0152,56.79,High
NS-0153,42.81,Medium
NS-0154,23.2,Low
NS-0155,25.18,Low
NS-0156,53.93,Medium
NS-0157,67.51,High
NS-0158,62.91,High
NS-0159,72.02,High
NS-0160,47.82,Medium
NS-0161,46.2,Medium
NS-0162,30.01,Low
NS-0163,25.71,Low
NS-0164,44.18,Medium
NS-0165,64.98,High
NS-0166,32.72,Low
NS-0167,41.05,Medium
NS-0168,51.74,Medium
NS-0169,54.05,Medium
NS-0170,50.62,Medium
NS-0171,53.35,Medium
NS-0172,30.22,Low
NS-0173,34.31,Low
NS-0174,31.49,Low
NS-0175,35.13,Medium
NS-0176,61.06,High
NS-0177,47.92,Medium
NS-0178,38.87,Medium
NS-0179,46.22,Medium
NS-0180,70.07,High
NS-0181,42.54,Medium
NS-0182,50.32,Medium
NS-0183,46.77,Medium
NS-0184,13.32,Low
NS-0185,34.14,Low
NS-0186,34.26,Low
NS-0187,59.92,High
NS-0188,30.91,Low
NS-0189,52.18,Medium
NS-0190,66.99,High
NS-0191,11.7,Low
NS-0192,54.89,Medium
NS-0193,24.74,Low
NS-0194,28.85,Low
NS-0195,69.16,High
NS-0196,55.7,High
NS-0197,69.16,High
NS-0198,32.79,Low
NS-0199,54.73,Medium
NS-0200,49.87,Medium
NS-0201,17.08,Low
NS-0202,56.56,High
NS-0203,27.63,Low
NS-0204,21.04,Low
NS-0205,48.72,Medium
NS-0206,44.74,Medium
NS-0207,34.01,Low
NS-0208,55.78,High
NS-0209,59.22,High
NS-0210,33.7,Low
NS-0211,47.04,Medium
NS-0212,69.9,High
NS-0213,13.36,Low
NS-0214,54.04,Medium
NS-0215,52.19,Medium
NS-0216,52.24,Medium
NS-0217,61.38,High
NS-0218,43.74,Medium
NS-0219,69.03,High
NS-0220,21.78,Low
NS-0221,71.93,High
NS-0222,30.56,Low
NS-0223,51.97,Medium
NS-0224,55.76,High
NS-0225,21.58,Low
NS-0226,46.1,Medium
NS-0227,60.64,High
NS-0228,67.79,High
NS-0229,46.65,Medium
NS-0230,50.7,Medium
NS-0231,39.2,Medium
NS-0232,25.67,Low
NS-0233,30.0,Low
NS-0234,52.45,Medium
NS-0235,66.41,High
NS-0236,39.88,Medium
NS-0237,48.87,Medium
NS-0238,15.34,Low
NS-0239,35.85,Medium
NS-0240,22.99,Low
NS-0241,46.97,Medium
NS-0242,62.25,High
NS-0243,44.09,Medium
NS-0244,36.58,Medium
NS-0245,31.99,Low
NS-0246,41.51,Medium
NS-0247,39.41,Medium
NS-0248,68.61,High
NS-0249,39.22,Medium
NS-0250,31.93,Low
NS-0251,62.08,High
NS-0252,51.65,Medium
NS-0253,36.42,Medium
NS-0254,31.42,Low
NS-0255,72.22,High
NS-0256,38.18,Medium
NS-0257,45.77,Medium
NS-0258,60.78,High
NS-0259,10.32,Low
NS-0260,64.08,High
NS-0261,36.29,Medium
NS-0262,35.4,Medium
NS-0263,64.68,High
NS-0264,65.56,High
NS-0265,32.67,Low
NS-0266,61.95,High
NS-0267,23.5,Low
NS-0268,11.05,Low
NS-0269,59.32,High
NS-0270,58.33,High
NS-0271,33.32,Low
NS-0272,41.46,Medium
NS-0273,62.82,High
NS-0274,29.91,Low
NS-0275,21.52,Low
NS-0276,41.67,Medium
NS-0277,17.25,Low
NS-0278,51.85,Medium
NS-0279,66.73,High
NS-0280,29.74,Low
NS-0281,20.27,Low
NS-0282,49.24,Medium
NS-0283,36.04,Medium
NS-0284,56.67,High
NS-0285,34.98,Low
NS-0286,37.23,Medium
NS-0287,52.78,Medium
NS-0288,30.64,Low
NS-0289,45.16,Medium
NS-0290,32.68,Low
NS-0291,26.92,Low
NS-0292,60.88,High
NS-0293,35.23,Medium
NS-0294,45.48,Medium
NS-0295,28.85,Low
NS-0296,61.58,High
NS-0297,45.41,Medium
NS-0298,51.42,Medium
NS-0299,27.99,Low
NS-0300,51.92,Medium
NS-0301,34.85,Low
NS-0302,52.2,Medium
NS-0303,41.67,Medium
NS-0304,47.94,Medium
NS-0305,39.32,Medium
NS-0306,22.0,Low
NS-0307,30.97,Low
NS-0308,63.12,High
NS-0309,71.43,High
NS-0310,49.15,Medium
NS-0311,47.95,Medium
NS-0312,54.02,Medium
NS-0313,65.32,High
NS-0314,66.33,High
NS-0315,41.42,Medium
NS-0316,27.77,Low
NS-0317,25.45,Low
NS-0318,46.3,Medium
NS-0319,63.73,High
NS-0320,47.03,Medium
NS-0321,18.33,Low
NS-0322,24.38,Low
NS-0323,60.78,High
NS-0324,30.54,Low
NS-0325,32.12,Low
NS-0326,55.41,High
NS-0327,44.12,Medium
NS-0328,35.65,Medium
NS-0329,34.25,Low
NS-0330,65.18,High
NS-0331,70.32,High
NS-0332,34.06,Low
NS-0333,22.12,Low
NS-0334,32.96,Low
NS-0335,43.97,Medium
NS-0336,52.75,Medium
NS-0337,50.3,Medium
NS-0338,34.05,Low
NS-0339,57.53,High
NS-0340,28.89,Low
NS-0341,62.28,High
NS-0342,59.99,High
NS-0343,49.19,Medium
NS-0344,25.82,Low
NS-0345,50.67,Medium
NS-0346,33.77,Low
NS-0347,26.12,Low
NS-0348,13.08,Low
NS-0349,40.23,Medium
NS-0350,51.15,Medium
NS-0351,48.61,Medium
NS-0352,54.65,Medium
NS-0353,37.75,Medium
NS-0354,39.95,Medium
NS-0355,50.4,Medium
NS-0356,34.55,Low
NS-0357,35.27,Medium
NS-0358,47.23,Medium
NS-0359,54.98,Medium
NS-0360,67.01,High
NS-0361,35.39,Medium
NS-0362,50.95,Medium
NS-0363,44.09,Medium
NS-0364,51.42,Medium
NS-0365,14.7,Low
NS-0366,51.66,Medium
NS-0367,50.28,Medium
NS-0368,23.18,Low
NS-0369,41.12,Medium
NS-0370,73.03,High
NS-0371,58.14,High
NS-0372,54.34,Medium
NS-0373,43.15,Medium
NS-0374,40.86,Medium
NS-0375,35.6,Medium
NS-0376,30.48,Low
NS-0377,34.11,Low
NS-0378,32.68,Low
NS-0379,25.77,Low
NS-0380,41.19,Medium
NS-0381,53.0,Medium
NS-0382,61.57,High
NS-0383,42.66,Medium
NS-0384,50.17,Medium
NS-0385,48.2,Medium
NS-0386,39.51,Medium
NS-0387,40.6,Medium
NS-0388,42.91,Medium
NS-0389,14.7,Low
NS-0390,45.53,Medium
NS-0391,62.66,High
NS-0392,18.25,Low
NS-0393,20.74,Low
NS-0394,46.0,Medium
NS-0395,22.49,Low
NS-0396,28.91,Low
NS-0397,28.08,Low
NS-0398,32.43,Low
NS-0399,43.51,Medium
NS-0400,42.76,Medium
NS-0401,26.76,Low
NS-0402,39.24,Medium
NS-0403,22.23,Low
NS-0404,58.68,High
NS-0405,58.09,High
NS-0406,44.73,Medium
NS-0407,50.67,Medium
NS-0408,57.4,High
NS-0409,27.28,Low
NS-0410,37.96,Medium
NS-0411,44.26,Medium
NS-0412,59.83,High
NS-0413,40.66,Medium
NS-0414,35.18,Medium
NS-0415,65.67,High
NS-0416,60.07,High
NS-0417,65.7,High
NS-0418,42.17,Medium
NS-0419,60.41,High
NS-0420,27.92,Low
NS-0421,49.06,Medium
NS-0422,54.63,Medium
NS-0423,22.35,Low
NS-0424,43.9,Medium
NS-0425,33.77,Low
NS-0426,26.65,Low
NS-0427,47.36,Medium
NS-0428,40.26,Medium
NS-0429,33.06,Low
NS-0430,49.14,Medium
NS-0431,15.75,Low
NS-0432,29.05,Low
NS-0433,49.47,Medium
NS-0434,18.27,Low
NS-0435,47.59,Medium
NS-0436,63.14,High
NS-0437,21.95,Low
NS-0438,75.35,Critical
NS-0439,34.62,Low
NS-0440,42.23,Medium
NS-0441,34.9,Low
NS-0442,55.54,High
NS-0443,12.97,Low
NS-0444,37.07,Medium
NS-0445,20.34,Low
NS-0446,34.24,Low
NS-0447,46.41,Medium
NS-0448,27.35,Low
NS-0449,43.43,Medium
NS-0450,49.75,Medium
NS-0451,52.62,Medium
NS-0452,15.7,Low
NS-0453,19.59,Low
NS-0454,45.26,Medium
NS-0455,50.07,Medium
NS-0456,64.41,High
NS-0457,56.23,High
NS-0458,39.06,Medium
NS-0459,60.81,High
NS-0460,45.77,Medium
NS-0461,51.83,Medium
NS-0462,20.02,Low
NS-0463,62.86,High
NS-0464,52.85,Medium
NS-0465,64.8,High
NS-0466,66.88,High
NS-0467,53.76,Medium
NS-0468,59.76,High
NS-0469,58.54,High
NS-0470,66.23,High
NS-0471,29.68,Low
NS-0472,32.53,Low
NS-0473,58.67,High
NS-0474,44.72,Medium
NS-0475,27.25,Low
NS-0476,48.8,Medium
NS-0477,55.4,High
NS-0478,21.4,Low
NS-0479,41.44,Medium
NS-0480,55.49,High
NS-0481,26.92,Low
NS-0482,35.93,Medium
NS-0483,29.02,Low
NS-0484,42.6,Medium
NS-0485,13.76,Low
NS-0486,55.49,High
NS-0487,36.27,Medium
NS-0488,26.31,Low
NS-0489,16.74,Low
NS-0490,24.93,Low
NS-0491,37.92,Medium
NS-0492,45.68,Medium
NS-0493,28.68,Low
NS-0494,32.08,Low
NS-0495,40.88,Medium
NS-0496,23.58,Low
NS-0497,47.74,Medium
NS-0498,34.81,Low
NS-0499,26.9,Low
NS-0500,33.45,Low
NS-0501,65.33,High
NS-0502,18.05,Low
NS-0503,40.71,Medium
NS-0504,41.37,Medium
NS-0505,71.08,High
NS-0506,19.79,Low
NS-0507,56.18,High
NS-0508,39.92,Medium
NS-0509,29.1,Low
NS-0510,59.83,High
NS-0511,29.71,Low
NS-0512,21.56,Low
NS-0513,40.76,Medium
NS-0514,45.32,Medium
NS-0515,52.3,Medium
NS-0516,40.4,Medium
NS-0517,39.89,Medium
NS-0518,50.93,Medium
NS-0519,48.37,Medium
NS-0520,45.44,Medium
NS-0521,52.11,Medium
NS-0522,20.75,Low
NS-0523,57.03,High
NS-0524,38.63,Medium
NS-0525,49.79,Medium
NS-0526,57.98,High
NS-0527,41.74,Medium
NS-0528,44.52,Medium
NS-0529,59.94,High
NS-0530,58.92,High
NS-0531,38.96,Medium
NS-0532,47.92,Medium
NS-0533,63.0,High
NS-0534,66.42,High
NS-0535,52.04,Medium
NS-0536,40.73,Medium
NS-0537,72.29,High
NS-0538,50.97,Medium
NS-0539,43.85,Medium
NS-0540,21.88,Low
NS-0541,68.87,High
NS-0542,67.77,High
NS-0543,17.8,Low
NS-0544,11.79,Low
NS-0545,63.48,High
NS-0546,41.57,Medium
NS-0547,42.81,Medium
NS-0548,38.5,Medium
NS-0549,76.73,Critical
NS-0550,57.23,High
NS-0551,19.14,Low
NS-0552,52.18,Medium
NS-0553,54.64,Medium
NS-0554,33.3,Low
NS-0555,59.92,High
NS-0556,48.64,Medium
NS-0557,48.15,Medium
NS-0558,21.07,Low
NS-0559,58.96,High
NS-0560,45.04,Medium
NS-0561,45.2,Medium
NS-0562,39.68,Medium
NS-0563,37.47,Medium
NS-0564,67.06,High
NS-0565,12.62,Low
NS-0566,36.52,Medium
NS-0567,57.89,High
NS-0568,42.77,Medium
NS-0569,26.98,Low
NS-0570,69.58,High
NS-0571,36.87,Medium
NS-0572,56.8,High
NS-0573,11.34,Low
NS-0574,36.98,Medium
NS-0575,18.41,Low
NS-0576,43.6,Medium
NS-0577,38.98,Medium
NS-0578,54.31,Medium
NS-0579,26.85,Low
NS-0580,56.28,High
NS-0581,42.02,Medium
NS-0582,48.8,Medium
NS-0583,31.08,Low
NS-0584,47.12,Medium
NS-0585,72.04,High
NS-0586,44.32,Medium
NS-0587,58.83,High
NS-0588,20.61,Low
NS-0589,40.62,Medium
NS-0590,35.25,Medium
NS-0591,28.95,Low
NS-0592,61.85,High
NS-0593,31.43,Low
NS-0594,56.13,High
NS-0595,40.37,Medium
NS-0596,36.96,Medium
NS-0597,58.62,High
NS-0598,50.99,Medium
NS-0599,36.14,Medium
NS-0600,48.22,Medium
NS-0601,56.25,High
NS-0602,33.21,Low
NS-0603,31.23,Low
NS-0604,16.63,Low
NS-0605,42.0,Medium
NS-0606,26.38,Low
NS-0607,50.01,Medium
NS-0608,36.58,Medium
NS-0609,35.68,Medium
NS-0610,55.03,High
NS-0611,9.48,Low
NS-0612,53.3,Medium
NS-0613,57.44,High
NS-0614,52.47,Medium
NS-0615,56.72,High
NS-0616,49.57,Medium
NS-0617,35.05,Medium
NS-0618,18.05,Low
NS-0619,42.48,Medium
NS-0620,15.15,Low
NS-0621,68.13,High
NS-0622,73.11,High
NS-0623,72.58,High
NS-0624,13.42,Low
NS-0625,26.06,Low
NS-0626,58.12,High
NS-0627,48.78,Medium
NS-0628,51.54,Medium
NS-0629,56.16,High
NS-0630,37.8,Medium
NS-0631,15.49,Low
NS-0632,55.52,High
NS-0633,35.78,Medium
NS-0634,71.83,High
NS-0635,20.34,Low
NS-0636,40.86,Medium
NS-0637,25.89,Low
NS-0638,38.83,Medium
NS-0639,20.75,Low
NS-0640,47.73,Medium
NS-0641,51.64,Medium
NS-0642,43.13,Medium
NS-0643,34.23,Low
NS-0644,41.78,Medium
NS-0645,32.45,Low
NS-0646,59.89,High
NS-0647,65.48,High
NS-0648,23.93,Low
NS-0649,41.17,Medium
NS-0650,47.01,Medium
NS-0651,52.84,Medium
NS-0652,62.22,High
NS-0653,47.81,Medium
NS-0654,29.44,Low
NS-0655,63.68,High
NS-0656,38.56,Medium
NS-0657,60.1,High
NS-0658,22.95,Low
NS-0659,61.54,High
NS-0660,45.65,Medium
NS-0661,46.87,Medium
NS-0662,34.05,Low
NS-0663,55.84,High
NS-0664,37.42,Medium
NS-0665,53.35,Medium
NS-0666,31.59,Low
NS-0667,59.17,High
NS-0668,18.68,Low
NS-0669,44.98,Medium
NS-0670,53.44,Medium
NS-0671,57.62,High
NS-0672,12.73,Low
NS-0673,36.74,Medium
NS-0674,25.21,Low
NS-0675,47.01,Medium
NS-0676,47.11,Medium
NS-0677,59.66,High
NS-0678,26.11,Low
NS-0679,17.21,Low
NS-0680,34.92,Low
NS-0681,72.31,High
NS-0682,41.09,Medium
NS-0683,60.8,High
NS-0684,51.56,Medium
NS-0685,41.69,Medium
NS-0686,51.44,Medium
NS-0687,32.0,Low
NS-0688,49.45,Medium
NS-0689,20.29,Low
NS-0690,47.51,Medium
NS-0691,13.68,Low
NS-0692,65.24,High
NS-0693,36.82,Medium
NS-0694,31.3,Low
NS-0695,32.17,Low
NS-0696,46.03,Medium
NS-0697,59.52,High
NS-0698,14.74,Low
NS-0699,32.26,Low
NS-0700,71.14,High
NS-0701,51.17,Medium
NS-0702,35.74,Medium
NS-0703,13.22,Low
NS-0704,30.58,Low
NS-0705,67.29,High
NS-0706,44.39,Medium
NS-0707,57.73,High
NS-0708,58.12,High
NS-0709,17.9,Low
NS-0710,52.65,Medium
NS-0711,15.59,Low
NS-0712,31.41,Low
NS-0713,46.59,Medium
NS-0714,41.34,Medium
NS-0715,52.7,Medium
NS-0716,39.57,Medium
NS-0717,56.42,High
NS-0718,35.36,Medium
NS-0719,22.78,Low
NS-0720,32.63,Low
NS-0721,44.91,Medium
NS-0722,62.55,High
NS-0723,31.89,Low
NS-0724,36.73,Medium
NS-0725,34.79,Low
NS-0726,46.08,Medium
NS-0727,50.68,Medium
NS-0728,70.49,High
NS-0729,37.07,Medium
NS-0730,64.94,High
NS-0731,43.05,Medium
NS-0732,24.81,Low
NS-0733,42.7,Medium
NS-0734,29.4,Low
NS-0735,30.13,Low
NS-0736,38.83,Medium
NS-0737,58.78,High
NS-0738,45.03,Medium
NS-0739,23.02,Low
NS-0740,38.6,Medium
NS-0741,52.02,Medium
NS-0742,59.72,High
NS-0743,45.47,Medium
NS-0744,14.96,Low
NS-0745,40.02,Medium
NS-0746,59.92,High
NS-0747,46.38,Medium
NS-0748,58.02,High
NS-0749,58.14,High
NS-0750,39.14,Medium
NS-0751,59.96,High
NS-0752,57.62,High
NS-0753,62.55,High
NS-0754,46.7,Medium
NS-0755,39.3,Medium
NS-0756,41.1,Medium
NS-0757,43.17,Medium
NS-0758,61.02,High
NS-0759,47.68,Medium
NS-0760,50.04,Medium
NS-0761,51.53,Medium
NS-0762,55.19,High
NS-0763,11.53,Low
NS-0764,40.5,Medium
NS-0765,53.3,Medium
NS-0766,77.04,Critical
NS-0767,46.91,Medium
NS-0768,50.24,Medium
NS-0769,55.2,High
NS-0770,34.25,Low
NS-0771,58.27,High
NS-0772,51.01,Medium
NS-0773,56.61,High
NS-0774,69.65,High
NS-0775,58.74,High
NS-0776,28.14,Low
NS-0777,58.39,High
NS-0778,60.36,High
NS-0779,66.39,High
NS-0780,45.82,Medium
NS-0781,50.25,Medium
NS-0782,25.66,Low
NS-0783,57.44,High
NS-0784,64.96,High
NS-0785,26.12,Low
NS-0786,64.27,High
NS-0787,56.01,High
NS-0788,23.81,Low
NS-0789,49.89,Medium
NS-0790,46.05,Medium
NS-0791,71.1,High
NS-0792,72.05,High
NS-0793,59.66,High
NS-0794,24.29,Low
NS-0795,25.06,Low
NS-0796,33.51,Low
NS-0797,18.61,Low
NS-0798,23.7,Low
NS-0799,35.56,Medium
NS-0800,42.02,Medium
NS-0801,43.38,Medium
NS-0802,66.05,High
NS-0803,41.08,Medium
NS-0804,62.09,High
NS-0805,69.31,High
NS-0806,47.67,Medium
NS-0807,36.26,Medium
NS-0808,54.78,Medium
NS-0809,48.06,Medium
NS-0810,12.12,Low
NS-0811,23.93,Low
NS-0812,50.98,Medium
NS-0813,21.0,Low
NS-0814,30.04,Low
NS-0815,25.58,Low
NS-0816,57.13,High
NS-0817,30.33,Low
NS-0818,53.09,Medium
NS-0819,61.19,High
NS-0820,14.49,Low
NS-0821,36.9,Medium
NS-0822,69.66,High
NS-0823,35.11,Medium
NS-0824,58.55,High
NS-0825,48.09,Medium
NS-0826,69.01,High
NS-0827,47.44,Medium
NS-0828,39.7,Medium
NS-0829,42.17,Medium
NS-0830,70.39,High
NS-0831,42.3,Medium
NS-0832,53.43,Medium
NS-0833,17.31,Low
NS-0834,34.95,Low
NS-0835,50.73,Medium
NS-0836,34.79,Low
NS-0837,48.58,Medium
NS-0838,59.18,High
NS-0839,52.14,Medium
NS-0840,43.56,Medium
NS-0841,57.27,High
NS-0842,41.73,Medium
NS-0843,34.22,Low
NS-0844,17.15,Low
NS-0845,53.39,Medium
NS-0846,52.2,Medium
NS-0847,48.91,Medium
NS-0848,28.15,Low
NS-0849,45.22,Medium
NS-0850,50.4,Medium
NS-0851,28.46,Low
NS-0852,66.66,High
NS-0853,66.08,High
NS-0854,24.99,Low
NS-0855,20.45,Low
NS-0856,44.13,Medium
NS-0857,28.16,Low
NS-0858,55.2,High
NS-0859,53.76,Medium
NS-0860,62.24,High
NS-0861,50.44,Medium
NS-0862,52.35,Medium
NS-0863,57.13,High
NS-0864,66.89,High
NS-0865,67.64,High
NS-0866,13.91,Low
NS-0867,44.56,Medium
NS-0868,40.27,Medium
NS-0869,29.5,Low
NS-0870,43.64,Medium
NS-0871,34.94,Low
NS-0872,50.07,Medium
NS-0873,44.25,Medium
NS-0874,34.14,Low
NS-0875,14.62,Low
NS-0876,36.83,Medium
NS-0877,62.17,High
NS-0878,43.16,Medium
NS-0879,56.12,High
NS-0880,24.78,Low
NS-0881,54.75,Medium
NS-0882,68.9,High
NS-0883,23.44,Low
NS-0884,46.6,Medium
NS-0885,59.84,High
NS-0886,50.84,Medium
NS-0887,32.06,Low
NS-0888,32.3,Low
NS-0889,52.06,Medium
NS-0890,20.07,Low
NS-0891,71.19,High
NS-0892,76.42,Critical
NS-0893,45.17,Medium
NS-0894,45.83,Medium
NS-0895,64.19,High
NS-0896,34.56,Low
NS-0897,59.62,High
NS-0898,37.09,Medium
NS-0899,56.77,High
NS-0900,25.58,Low
NS-0901,38.88,Medium
NS-0902,60.67,High
NS-0903,38.62,Medium
NS-0904,31.97,Low
NS-0905,37.94,Medium
NS-0906,56.79,High
NS-0907,47.12,Medium
NS-0908,42.43,Medium
NS-0909,18.88,Low
NS-0910,55.51,High
NS-0911,22.66,Low
NS-0912,14.9,Low
NS-0913,34.27,Low
NS-0914,58.35,High
NS-0915,42.39,Medium
NS-0916,47.4,Medium
NS-0917,46.67,Medium
NS-0918,48.48,Medium
NS-0919,53.18,Medium
NS-0920,27.38,Low
NS-0921,13.06,Low
NS-0922,59.58,High
NS-0923,38.79,Medium
NS-0924,40.63,Medium
NS-0925,57.72,High
NS-0926,44.39,Medium
NS-0927,10.35,Low
NS-0928,41.38,Medium
NS-0929,48.47,Medium
NS-0930,75.77,Critical
NS-0931,60.88,High
NS-0932,40.46,Medium
NS-0933,40.63,Medium
NS-0934,46.03,Medium
NS-0935,31.16,Low
NS-0936,42.91,Medium
NS-0937,54.73,Medium
NS-0938,36.5,Medium
NS-0939,46.58,Medium
NS-0940,36.45,Medium
NS-0941,72.84,High
NS-0942,50.19,Medium
NS-0943,28.12,Low
NS-0944,33.13,Low
NS-0945,42.54,Medium
NS-0946,61.14,High
NS-0947,22.55,Low
NS-0948,17.34,Low
NS-0949,39.98,Medium
NS-0950,35.75,Medium
NS-0951,27.2,Low
NS-0952,47.56,Medium
NS-0953,52.16,Medium
NS-0954,46.52,Medium
NS-0955,56.42,High
NS-0956,60.58,High
NS-0957,68.79,High
NS-0958,40.47,Medium
NS-0959,42.62,Medium
NS-0960,39.58,Medium
NS-0961,42.01,Medium
NS-0962,67.97,High
NS-0963,22.2,Low
NS-0964,43.82,Medium
NS-0965,37.8,Medium
NS-0966,54.55,Medium
NS-0967,33.96,Low
NS-0968,30.36,Low
NS-0969,34.87,Low
NS-0970,56.48,High
NS-0971,43.14,Medium
NS-0972,32.34,Low
NS-0973,47.41,Medium
NS-0974,20.03,Low
NS-0975,34.69,Low
NS-0976,56.78,High
NS-0977,65.11,High
NS-0978,62.09,High
NS-0979,27.05,Low
NS-0980,47.14,Medium
NS-0981,9.53,Low
NS-0982,53.37,Medium
NS-0983,12.62,Low
NS-0984,26.59,Low
NS-0985,15.33,Low
NS-0986,38.39,Medium
NS-0987,20.53,Low
NS-0988,59.78,High
NS-0989,42.97,Medium
NS-0990,20.77,Low
NS-0991,60.29,High
NS-0992,47.7,Medium
NS-0993,47.54,Medium
NS-0994,50.7,Medium
NS-0995,40.36,Medium
NS-0996,36.47,Medium
NS-0997,33.83,Low
NS-0998,32.93,Low
NS-0999,62.16,High
NS-1000,26.78,Low
NS-1001,31.86,Low
NS-1002,48.92,Medium
NS-1003,40.01,Medium
NS-1004,53.07,Medium
NS-1005,61.23,High
NS-1006,23.1,Low
NS-1007,60.01,High
NS-1008,13.68,Low
NS-1009,64.73,High
NS-1010,35.56,Medium
NS-1011,18.28,Low
NS-1012,55.97,High
NS-1013,56.16,High
NS-1014,13.68,Low
NS-1015,56.5,High
NS-1016,66.75,High
NS-1017,55.85,High
NS-1018,55.16,High
NS-1019,41.36,Medium
NS-1020,58.52,High
NS-1021,39.83,Medium
NS-1022,51.42,Medium
NS-1023,50.63,Medium
NS-1024,42.34,Medium
NS-1025,37.82,Medium
NS-1026,49.36,Medium
NS-1027,38.23,Medium
NS-1028,32.55,Low
NS-1029,46.36,Medium
NS-1030,21.19,Low
NS-1031,59.06,High
NS-1032,36.56,Medium
NS-1033,44.99,Medium
NS-1034,42.89,Medium
NS-1035,20.91,Low
NS-1036,40.88,Medium
NS-1037,35.03,Medium
NS-1038,27.68,Low
NS-1039,52.5,Medium
NS-1040,22.98,Low
NS-1041,29.87,Low
NS-1042,60.0,High
NS-1043,56.74,High
NS-1044,32.68,Low
NS-1045,43.86,Medium
NS-1046,49.14,Medium
NS-1047,43.02,Medium
NS-1048,55.07,High
NS-1049,59.58,High
NS-1050,48.71,Medium
NS-1051,48.94,Medium
NS-1052,54.05,Medium
NS-1053,57.74,High
NS-1054,18.46,Low
NS-1055,33.29,Low
NS-1056,56.67,High
NS-1057,68.87,High
NS-1058,69.47,High
NS-1059,44.07,Medium
NS-1060,53.78,Medium
NS-1061,31.33,Low
NS-1062,25.1,Low
NS-1063,26.54,Low
NS-1064,41.27,Medium
NS-1065,41.63,Medium
NS-1066,33.49,Low
NS-1067,43.68,Medium
NS-1068,62.53,High
NS-1069,54.65,Medium
NS-1070,56.58,High
NS-1071,31.59,Low
NS-1072,44.98,Medium
NS-1073,40.21,Medium
NS-1074,62.42,High
NS-1075,71.92,High
NS-1076,51.46,Medium
NS-1077,32.5,Low
NS-1078,60.9,High
NS-1079,68.95,High
NS-1080,54.42,Medium
NS-1081,61.94,High
NS-1082,50.81,Medium
NS-1083,58.45,High
NS-1084,59.51,High
NS-1085,47.75,Medium
NS-1086,35.4,Medium
NS-1087,20.64,Low
NS-1088,52.54,Medium
NS-1089,33.49,Low
NS-1090,18.09,Low
NS-1091,52.87,Medium
NS-1092,45.41,Medium
NS-1093,36.56,Medium
NS-1094,33.16,Low
NS-1095,51.38,Medium
NS-1096,47.62,Medium
NS-1097,64.51,High
NS-1098,73.18,High
NS-1099,69.7,High
NS-1100,55.02,High
NS-1101,55.03,High
NS-1102,53.46,Medium
NS-1103,46.4,Medium
NS-1104,53.6,Medium
NS-1105,31.67,Low
NS-1106,38.51,Medium
NS-1107,20.46,Low
NS-1108,29.88,Low
NS-1109,18.61,Low
NS-1110,28.76,Low
NS-1111,35.36,Medium
NS-1112,13.4,Low
NS-1113,71.95,High
NS-1114,50.84,Medium
NS-1115,61.08,High
NS-1116,67.21,High
NS-1117,67.39,High
NS-1118,22.27,Low
NS-1119,39.29,Medium
NS-1120,65.84,High
NS-1121,64.35,High
NS-1122,19.57,Low
NS-1123,49.03,Medium
NS-1124,24.19,Low
NS-1125,19.93,Low
NS-1126,27.2,Low
NS-1127,42.19,Medium
NS-1128,41.91,Medium
NS-1129,24.76,Low
NS-1130,26.33,Low
NS-1131,54.17,Medium
NS-1132,34.2,Low
NS-1133,26.1,Low
NS-1134,41.69,Medium
NS-1135,25.69,Low
NS-1136,31.69,Low
NS-1137,37.38,Medium
NS-1138,48.14,Medium
NS-1139,74.74,High
NS-1140,32.87,Low
NS-1141,41.56,Medium
NS-1142,67.12,High
NS-1143,56.51,High
NS-1144,39.24,Medium
NS-1145,77.04,Critical
NS-1146,27.75,Low
NS-1147,15.44,Low
NS-1148,58.1,High
NS-1149,67.12,High
NS-1150,33.72,Low
NS-1151,54.28,Medium
NS-1152,46.93,Medium
NS-1153,68.87,High
NS-1154,33.49,Low
NS-1155,22.41,Low
NS-1156,10.24,Low
NS-1157,14.56,Low
NS-1158,42.9,Medium
NS-1159,39.11,Medium
NS-1160,51.54,Medium
NS-1161,31.58,Low
NS-1162,37.56,Medium
NS-1163,52.75,Medium
NS-1164,57.68,High
NS-1165,58.88,High
NS-1166,30.71,Low
NS-1167,59.86,High
NS-1168,38.57,Medium
NS-1169,64.23,High
NS-1170,41.04,Medium
NS-1171,71.11,High
NS-1172,59.91,High
NS-1173,30.52,Low
NS-1174,51.34,Medium
NS-1175,64.23,High
NS-1176,37.13,Medium
NS-1177,47.86,Medium
NS-1178,52.79,Medium
NS-1179,26.28,Low
NS-1180,48.82,Medium
NS-1181,13.81,Low
NS-1182,40.26,Medium
NS-1183,41.42,Medium
NS-1184,49.34,Medium
NS-1185,50.04,Medium
NS-1186,20.84,Low
NS-1187,53.29,Medium
NS-1188,50.67,Medium
NS-1189,48.79,Medium
NS-1190,13.59,Low
NS-1191,23.36,Low
NS-1192,16.79,Low
NS-1193,44.66,Medium
NS-1194,39.17,Medium
NS-1195,51.83,Medium
NS-1196,46.71,Medium
NS-1197,27.59,Low
NS-1198,67.84,High
NS-1199,51.07,Medium
NS-1200,39.6,Medium
NS-1201,48.56,Medium
NS-1202,57.35,High
NS-1203,59.85,High
NS-1204,32.25,Low
NS-1205,42.22,Medium
NS-1206,58.52,High
NS-1207,18.05,Low
NS-1208,36.9,Medium
NS-1209,58.58,High
NS-1210,37.13,Medium
NS-1211,17.12,Low
NS-1212,62.02,High
NS-1213,49.99,Medium
NS-1214,64.32,High
NS-1215,30.27,Low
NS-1216,34.87,Low
NS-1217,71.99,High
NS-1218,59.75,High
NS-1219,29.06,Low
NS-1220,60.9,High
NS-1221,42.66,Medium
NS-1222,51.68,Medium
NS-1223,69.36,High
NS-1224,28.14,Low
NS-1225,16.04,Low
NS-1226,58.32,High
NS-1227,41.59,Medium
NS-1228,40.8,Medium
NS-1229,33.82,Low
NS-1230,54.36,Medium
NS-1231,76.53,Critical
NS-1232,37.58,Medium
NS-1233,60.81,High
NS-1234,42.62,Medium
NS-1235,50.92,Medium
NS-1236,26.52,Low
NS-1237,18.81,Low
NS-1238,45.9,Medium
NS-1239,28.17,Low
NS-1240,33.0,Low
NS-1241,50.28,Medium
NS-1242,44.31,Medium
NS-1243,51.56,Medium
NS-1244,28.6,Low
NS-1245,51.88,Medium
NS-1246,52.19,Medium
NS-1247,31.51,Low
NS-1248,40.73,Medium
NS-1249,36.39,Medium
NS-1250,41.13,Medium
NS-1251,32.86,Low
NS-1252,42.78,Medium
NS-1253,39.18,Medium
NS-1254,33.73,Low
NS-1255,64.85,High
NS-1256,34.41,Low
NS-1257,47.94,Medium
NS-1258,43.88,Medium
NS-1259,60.21,High
NS-1260,27.06,Low
NS-1261,51.51,Medium
NS-1262,64.24,High
NS-1263,27.9,Low
NS-1264,71.02,High
NS-1265,50.44,Medium
NS-1266,45.29,Medium
NS-1267,51.48,Medium
NS-1268,21.45,Low
NS-1269,49.68,Medium
NS-1270,41.91,Medium
NS-1271,31.56,Low
NS-1272,77.07,Critical
NS-1273,50.93,Medium
NS-1274,23.9,Low
NS-1275,57.09,High
NS-1276,40.27,Medium
NS-1277,69.21,High
NS-1278,46.29,Medium
NS-1279,34.74,Low
NS-1280,48.49,Medium
NS-1281,13.44,Low
NS-1282,33.02,Low
NS-1283,75.76,Critical
NS-1284,54.73,Medium
NS-1285,50.64,Medium
NS-1286,69.16,High
NS-1287,49.35,Medium
NS-1288,19.87,Low
NS-1289,40.14,Medium
NS-1290,40.25,Medium
NS-1291,37.03,Medium
NS-1292,53.15,Medium
NS-1293,58.99,High
NS-1294,52.02,Medium
NS-1295,35.65,Medium
NS-1296,37.99,Medium
NS-1297,35.25,Medium
NS-1298,36.56,Medium
NS-1299,66.26,High
NS-1300,59.07,High
NS-1301,22.69,Low
NS-1302,42.92,Medium
NS-1303,32.26,Low
NS-1304,63.76,High
NS-1305,54.62,Medium
NS-1306,36.09,Medium
NS-1307,26.25,Low
NS-1308,24.3,Low
NS-1309,39.47,Medium
NS-1310,37.59,Medium
NS-1311,37.77,Medium
NS-1312,31.48,Low
NS-1313,23.44,Low
NS-1314,42.61,Medium
NS-1315,34.18,Low
NS-1316,60.13,High
NS-1317,61.26,High
NS-1318,43.18,Medium
NS-1319,47.86,Medium
NS-1320,37.37,Medium
NS-1321,64.78,High
NS-1322,29.11,Low
NS-1323,34.48,Low
NS-1324,52.63,Medium
NS-1325,42.22,Medium
NS-1326,36.96,Medium
NS-1327,31.54,Low
NS-1328,33.6,Low
NS-1329,54.49,Medium
NS-1330,40.09,Medium
NS-1331,55.5,High
NS-1332,35.18,Medium
NS-1333,55.31,High
NS-1334,70.01,High
NS-1335,27.31,Low
NS-1336,44.58,Medium
NS-1337,16.4,Low
NS-1338,54.46,Medium
NS-1339,27.8,Low
NS-1340,17.8,Low
NS-1341,34.07,Low
NS-1342,39.87,Medium
NS-1343,22.41,Low
NS-1344,20.32,Low
NS-1345,11.42,Low
NS-1346,65.21,High
NS-1347,41.4,Medium
NS-1348,43.32,Medium
NS-1349,55.21,High
NS-1350,50.17,Medium
NS-1351,66.04,High
NS-1352,72.88,High
NS-1353,49.11,Medium
NS-1354,38.62,Medium
NS-1355,33.38,Low
NS-1356,51.04,Medium
NS-1357,25.54,Low
NS-1358,17.75,Low
NS-1359,42.12,Medium
NS-1360,31.27,Low
NS-1361,55.48,High
NS-1362,51.84,Medium
NS-1363,38.27,Medium
NS-1364,45.09,Medium
NS-1365,41.91,Medium
NS-1366,40.99,Medium
NS-1367,46.1,Medium
NS-1368,56.86,High
NS-1369,39.68,Medium
NS-1370,55.31,High
NS-1371,70.27,High
NS-1372,32.09,Low
NS-1373,31.71,Low
NS-1374,37.86,Medium
NS-1375,50.53,Medium
NS-1376,42.21,Medium
NS-1377,54.83,Medium
NS-1378,20.67,Low
NS-1379,57.23,High
NS-1380,39.26,Medium
NS-1381,44.07,Medium
NS-1382,32.94,Low
NS-1383,48.73,Medium
NS-1384,49.7,Medium
NS-1385,72.68,High
NS-1386,19.52,Low
NS-1387,47.38,Medium
NS-1388,60.25,High
NS-1389,20.73,Low
NS-1390,57.57,High
NS-1391,33.42,Low
NS-1392,38.54,Medium
NS-1393,38.33,Medium
NS-1394,53.43,Medium
NS-1395,42.6,Medium
NS-1396,51.49,Medium
NS-1397,45.15,Medium
NS-1398,23.02,Low
NS-1399,28.02,Low
NS-1400,9.21,Low
NS-1401,68.46,High
NS-1402,26.49,Low
NS-1403,40.63,Medium
NS-1404,58.6,High
NS-1405,71.96,High
NS-1406,47.67,Medium
NS-1407,42.54,Medium
NS-1408,56.87,High
NS-1409,32.54,Low
NS-1410,38.57,Medium
NS-1411,64.64,High
NS-1412,48.84,Medium
NS-1413,32.71,Low
NS-1414,34.17,Low
NS-1415,50.52,Medium
NS-1416,34.16,Low
NS-1417,45.75,Medium
NS-1418,45.02,Medium
NS-1419,26.33,Low
NS-1420,36.43,Medium
NS-1421,39.71,Medium
NS-1422,55.45,High
NS-1423,56.31,High
NS-1424,51.1,Medium
NS-1425,55.1,High
NS-1426,16.55,Low
NS-1427,15.21,Low
NS-1428,41.37,Medium
NS-1429,10.56,Low
NS-1430,48.4,Medium
NS-1431,26.77,Low
NS-1432,16.07,Low
NS-1433,39.35,Medium
NS-1434,31.86,Low
NS-1435,53.47,Medium
NS-1436,42.8,Medium
NS-1437,31.07,Low
NS-1438,49.94,Medium
NS-1439,29.18,Low
NS-1440,35.37,Medium
NS-1441,25.44,Low
NS-1442,49.68,Medium
NS-1443,44.96,Medium
NS-1444,35.99,Medium
NS-1445,45.49,Medium
NS-1446,30.85,Low
NS-1447,47.11,Medium
NS-1448,29.57,Low
NS-1449,25.56,Low
NS-1450,74.63,High
NS-1451,67.41,High
NS-1452,52.89,Medium
NS-1453,30.11,Low
NS-1454,32.13,Low
NS-1455,39.73,Medium
NS-1456,48.85,Medium
NS-1457,59.73,High
NS-1458,70.45,High
NS-1459,63.34,High
NS-1460,35.12,Medium
NS-1461,37.22,Medium
NS-1462,42.56,Medium
NS-1463,59.82,High
NS-1464,57.48,High
NS-1465,44.01,Medium
NS-1466,51.79,Medium
NS-1467,62.63,High
NS-1468,45.05,Medium
NS-1469,48.32,Medium
NS-1470,55.82,High
NS-1471,54.41,Medium
NS-1472,38.69,Medium
NS-1473,65.99,High
NS-1474,45.5,Medium
NS-1475,47.71,Medium
NS-1476,61.84,High
NS-1477,29.64,Low
NS-1478,32.79,Low
NS-1479,27.89,Low
NS-1480,25.86,Low
NS-1481,39.17,Medium
NS-1482,22.43,Low
NS-1483,44.26,Medium
NS-1484,53.07,Medium
NS-1485,41.68,Medium
NS-1486,37.61,Medium
NS-1487,46.0,Medium
NS-1488,70.4,High
NS-1489,58.26,High
NS-1490,53.69,Medium
NS-1491,55.55,High
NS-1492,61.44,High
NS-1493,40.19,Medium
NS-1494,31.42,Low
NS-1495,62.01,High
NS-1496,63.39,High
NS-1497,54.69,Medium
NS-1498,53.83,Medium
NS-1499,31.05,Low
NS-1500,50.12,Medium
