pocket_id,failure_probability,assurance_index
NS-0001,0.8990,10.1
NS-0002,0.0881,91.2
NS-0003,0.0605,93.9
NS-0004,0.1241,87.6
NS-0005,0.4763,52.4
NS-0006,0.1169,88.3
NS-0007,0.2341,76.6
NS-0008,0.3191,68.1
NS-0009,0.1925,80.7
NS-0010,0.2322,76.8
NS-0011,0.1907,80.9
NS-0012,0.2451,75.5
NS-0013,0.1703,83.0
NS-0014,0.2501,75.0
NS-0015,0.3195,68.1
NS-0016,0.3277,67.2
NS-0017,1.0000,0.0
NS-0018,0.0752,92.5
NS-0019,0.2701,73.0
NS-0020,0.8307,16.9
NS-0021,0.9558,4.4
NS-0022,0.0877,91.2
NS-0023,0.9676,3.2
NS-0024,0.9186,8.1
NS-0025,0.9697,3.0
NS-0026,0.9029,9.7
NS-0027,0.4646,53.5
NS-0028,0.2275,77.3
NS-0029,0.9556,4.4
NS-0030,0.3293,67.1
NS-0031,0.2415,75.8
NS-0032,0.9447,5.5
NS-0033,0.9483,5.2
NS-0034,0.9645,3.6
NS-0035,0.2513,74.9
NS-0036,0.0829,91.7
NS-0037,0.3944,60.6
NS-0038,0.9233,7.7
NS-0039,0.0797,92.0
NS-0040,0.9535,4.6
NS-0041,0.8952,10.5
NS-0042,0.9263,7.4
NS-0043,0.1344,86.6
NS-0044,0.0835,91.6
NS-0045,0.8693,13.1
NS-0046,0.9133,8.7
NS-0047,0.1346,86.5
NS-0048,0.2905,71.0
NS-0049,0.1937,80.6
NS-0050,0.2351,76.5
NS-0051,0.1182,88.2
NS-0052,0.8982,10.2
NS-0053,0.2125,78.7
NS-0054,0.8551,14.5
NS-0055,0.8969,10.3
NS-0056,0.2474,75.3
NS-0057,0.1280,87.2
NS-0058,0.2662,73.4
NS-0059,0.1674,83.3
NS-0060,0.9590,4.1
NS-0061,0.1647,83.5
NS-0062,0.9851,1.5
NS-0063,0.3806,61.9
NS-0064,0.9570,4.3
NS-0065,0.9167,8.3
NS-0066,0.2641,73.6
NS-0067,0.1324,86.8
NS-0068,0.1269,87.3
NS-0069,0.3340,66.6
NS-0070,0.1143,88.6
NS-0071,0.2502,75.0
NS-0072,0.2457,75.4
NS-0073,0.9593,4.1
NS-0074,0.2305,77.0
NS-0075,0.8919,10.8
NS-0076,1.0000,0.0
NS-0077,0.2333,76.7
NS-0078,0.2053,79.5
NS-0079,0.0541,94.6
NS-0080,0.8870,11.3
NS-0081,0.9900,1.0
NS-0082,0.1894,81.1
NS-0083,0.9552,4.5
NS-0084,0.9656,3.4
NS-0085,0.2272,77.3
NS-0086,0.2169,78.3
NS-0087,0.2619,73.8
NS-0088,0.1110,88.9
NS-0089,0.0753,92.5
NS-0090,0.0374,96.3
NS-0091,0.0884,91.2
NS-0092,1.0000,0.0
NS-0093,0.0649,93.5
NS-0094,0.9574,4.3
NS-0095,0.2615,73.8
NS-0096,0.3137,68.6
NS-0097,0.9705,2.9
NS-0098,0.9606,3.9
NS-0099,0.0537,94.6
NS-0100,0.9501,5.0
NS-0101,0.0796,92.0
NS-0102,0.1029,89.7
NS-0103,0.3473,65.3
NS-0104,0.1291,87.1
NS-0105,0.9210,7.9
NS-0106,0.9034,9.7
NS-0107,0.1430,85.7
NS-0108,0.1748,82.5
NS-0109,0.9940,0.6
NS-0110,0.3181,68.2
NS-0111,0.1057,89.4
NS-0112,0.3532,64.7
NS-0113,0.9548,4.5
NS-0114,0.3604,64.0
NS-0115,0.2882,71.2
NS-0116,0.2440,75.6
NS-0117,0.2635,73.6
NS-0118,0.1899,81.0
NS-0119,0.3360,66.4
NS-0120,0.0589,94.1
NS-0121,0.2673,73.3
NS-0122,0.3301,67.0
NS-0123,0.2790,72.1
NS-0124,0.2426,75.7
NS-0125,0.3000,70.0
NS-0126,0.6248,37.5
NS-0127,0.2957,70.4
NS-0128,0.1050,89.5
NS-0129,0.9619,3.8
NS-0130,0.0643,93.6
NS-0131,0.1962,80.4
NS-0132,0.9674,3.3
NS-0133,0.2354,76.5
NS-0134,1.0000,0.0
NS-0135,0.9706,2.9
NS-0136,0.9248,7.5
NS-0137,0.1538,84.6
NS-0138,1.0000,0.0
NS-0139,0.2773,72.3
NS-0140,0.9449,5.5
NS-0141,0.1881,81.2
NS-0142,0.2444,75.6
NS-0143,0.3816,61.8
NS-0144,0.3402,66.0
NS-0145,0.1566,84.3
NS-0146,0.9311,6.9
NS-0147,0.8863,11.4
NS-0148,0.2711,72.9
NS-0149,0.0880,91.2
NS-0150,0.3913,60.9
NS-0151,0.1783,82.2
NS-0152,0.9623,3.8
NS-0153,0.3315,66.8
NS-0154,0.2460,75.4
NS-0155,0.0761,92.4
NS-0156,0.2812,71.9
NS-0157,0.3357,66.4
NS-0158,0.9487,5.1
NS-0159,0.9982,0.2
NS-0160,0.9188,8.1
NS-0161,0.2691,73.1
NS-0162,0.0854,91.5
NS-0163,0.0757,92.4
NS-0164,0.1586,84.1
NS-0165,0.2422,75.8
NS-0166,0.1457,85.4
NS-0167,0.1647,83.5
NS-0168,0.5319,46.8
NS-0169,0.9898,1.0
NS-0170,0.3767,62.3
NS-0171,0.4179,58.2
NS-0172,0.0688,93.1
NS-0173,0.0866,91.3
NS-0174,0.9745,2.5
NS-0175,0.2320,76.8
NS-0176,0.3076,69.2
NS-0177,0.2128,78.7
NS-0178,0.2844,71.6
NS-0179,0.3691,63.1
NS-0180,0.9713,2.9
NS-0181,0.9784,2.2
NS-0182,0.9070,9.3
NS-0183,0.2817,71.8
NS-0184,0.1614,83.9
NS-0185,0.3177,68.2
NS-0186,0.1767,82.3
NS-0187,0.2437,75.6
NS-0188,0.0733,92.7
NS-0189,0.8589,14.1
NS-0190,0.3788,62.1
NS-0191,0.0751,92.5
NS-0192,0.9340,6.6
NS-0193,0.1048,89.5
NS-0194,0.8315,16.8
NS-0195,1.0000,0.0
NS-0196,0.8866,11.3
NS-0197,0.9932,0.7
NS-0198,0.9202,8.0
NS-0199,0.4713,52.9
NS-0200,0.2365,76.4
NS-0201,0.8534,14.7
NS-0202,0.2193,78.1
NS-0203,0.0871,91.3
NS-0204,0.1826,81.7
NS-0205,0.8235,17.7
NS-0206,0.2283,77.2
NS-0207,0.2359,76.4
NS-0208,0.3952,60.5
NS-0209,0.2424,75.8
NS-0210,0.0622,93.8
NS-0211,0.3934,60.7
NS-0212,0.9787,2.1
NS-0213,0.0628,93.7
NS-0214,0.8518,14.8
NS-0215,0.9920,0.8
NS-0216,0.9134,8.7
NS-0217,0.2490,75.1
NS-0218,0.2394,76.1
NS-0219,0.9993,0.1
NS-0220,0.8423,15.8
NS-0221,0.2376,76.2
NS-0222,0.0539,94.6
NS-0223,0.8830,11.7
NS-0224,0.9042,9.6
NS-0225,0.0931,90.7
NS-0226,0.9725,2.8
NS-0227,0.2479,75.2
NS-0228,0.8746,12.5
NS-0229,0.2689,73.1
NS-0230,0.2521,74.8
NS-0231,0.0574,94.3
NS-0232,0.1744,82.6
NS-0233,0.1622,83.8
NS-0234,0.9947,0.5
NS-0235,0.5144,48.6
NS-0236,0.9375,6.2
NS-0237,0.3163,68.4
NS-0238,0.1080,89.2
NS-0239,0.1166,88.3
NS-0240,0.1071,89.3
NS-0241,0.9693,3.1
NS-0242,0.3022,69.8
NS-0243,0.2479,75.2
NS-0244,0.3211,67.9
NS-0245,0.0810,91.9
NS-0246,0.2876,71.2
NS-0247,0.1371,86.3
NS-0248,0.9844,1.6
NS-0249,0.9305,7.0
NS-0250,0.0712,92.9
NS-0251,1.0000,0.0
NS-0252,0.1903,81.0
NS-0253,0.2442,75.6
NS-0254,0.4498,55.0
NS-0255,0.9540,4.6
NS-0256,0.1919,80.8
NS-0257,0.2502,75.0
NS-0258,0.2702,73.0
NS-0259,0.8641,13.6
NS-0260,0.9668,3.3
NS-0261,0.8988,10.1
NS-0262,0.2571,74.3
NS-0263,0.9141,8.6
NS-0264,0.2030,79.7
NS-0265,0.3720,62.8
NS-0266,0.9885,1.2
NS-0267,0.0431,95.7
NS-0268,0.1517,84.8
NS-0269,0.9441,5.6
NS-0270,0.2321,76.8
NS-0271,0.1837,81.6
NS-0272,0.8558,14.4
NS-0273,0.9655,3.4
NS-0274,0.3363,66.4
NS-0275,0.1385,86.1
NS-0276,0.1789,82.1
NS-0277,0.1002,90.0
NS-0278,0.9187,8.1
NS-0279,0.9576,4.2
NS-0280,0.2452,75.5
NS-0281,0.3239,67.6
NS-0282,0.2333,76.7
NS-0283,0.8711,12.9
NS-0284,0.9228,7.7
NS-0285,0.1671,83.3
NS-0286,0.3592,64.1
NS-0287,0.9186,8.1
NS-0288,0.2268,77.3
NS-0289,0.9300,7.0
NS-0290,0.8936,10.6
NS-0291,0.0636,93.6
NS-0292,0.2839,71.6
NS-0293,0.0656,93.4
NS-0294,0.2193,78.1
NS-0295,0.9078,9.2
NS-0296,0.3361,66.4
NS-0297,0.2806,71.9
NS-0298,0.9947,0.5
NS-0299,0.0821,91.8
NS-0300,0.3382,66.2
NS-0301,0.0833,91.7
NS-0302,0.2188,78.1
NS-0303,0.9838,1.6
NS-0304,0.2700,73.0
NS-0305,0.9202,8.0
NS-0306,0.8934,10.7
NS-0307,0.4947,50.5
NS-0308,0.2084,79.2
NS-0309,0.9713,2.9
NS-0310,0.3188,68.1
NS-0311,0.4729,52.7
NS-0312,0.9684,3.2
NS-0313,0.9596,4.0
NS-0314,0.2938,70.6
NS-0315,0.2138,78.6
NS-0316,0.1002,90.0
NS-0317,0.9283,7.2
NS-0318,0.2473,75.3
NS-0319,0.8608,13.9
NS-0320,0.2882,71.2
NS-0321,0.0556,94.4
NS-0322,0.1705,82.9
NS-0323,0.3176,68.2
NS-0324,0.0744,92.6
NS-0325,0.2238,77.6
NS-0326,0.3252,67.5
NS-0327,0.1722,82.8
NS-0328,0.2238,77.6
NS-0329,0.3543,64.6
NS-0330,0.3745,62.6
NS-0331,1.0000,0.0
NS-0332,0.1672,83.3
NS-0333,0.1506,84.9
NS-0334,0.0828,91.7
NS-0335,0.4261,57.4
NS-0336,0.9106,8.9
NS-0337,0.2719,72.8
NS-0338,0.1253,87.5
NS-0339,0.3272,67.3
NS-0340,0.1376,86.2
NS-0341,0.2701,73.0
NS-0342,0.9341,6.6
NS-0343,0.9541,4.6
NS-0344,0.0593,94.1
NS-0345,0.2522,74.8
NS-0346,0.1852,81.5
NS-0347,0.0633,93.7
NS-0348,0.1276,87.2
NS-0349,0.9234,7.7
NS-0350,0.2698,73.0
NS-0351,0.8800,12.0
NS-0352,0.2469,75.3
NS-0353,0.3905,60.9
NS-0354,0.9990,0.1
NS-0355,0.2477,75.2
NS-0356,0.3794,62.1
NS-0357,0.8968,10.3
NS-0358,0.2154,78.5
NS-0359,0.8757,12.4
NS-0360,0.3570,64.3
NS-0361,0.2137,78.6
NS-0362,0.1916,80.8
NS-0363,0.1810,81.9
NS-0364,0.2904,71.0
NS-0365,0.0702,93.0
NS-0366,0.8873,11.3
NS-0367,0.9226,7.7
NS-0368,0.1512,84.9
NS-0369,0.2619,73.8
NS-0370,0.3390,66.1
NS-0371,0.3598,64.0
NS-0372,0.2336,76.6
NS-0373,0.2661,73.4
NS-0374,0.4215,57.8
NS-0375,0.2162,78.4
NS-0376,0.1902,81.0
NS-0377,0.9423,5.8
NS-0378,0.1228,87.7
NS-0379,0.0564,94.4
NS-0380,0.9665,3.4
NS-0381,0.3476,65.2
NS-0382,0.9362,6.4
NS-0383,0.9889,1.1
NS-0384,0.2532,74.7
NS-0385,0.9132,8.7
NS-0386,0.5637,43.6
NS-0387,0.9540,4.6
NS-0388,0.4492,55.1
NS-0389,0.0583,94.2
NS-0390,0.2847,71.5
NS-0391,1.0000,0.0
NS-0392,0.1473,85.3
NS-0393,0.0638,93.6
NS-0394,0.9518,4.8
NS-0395,0.2670,73.3
NS-0396,0.0874,91.3
NS-0397,0.3921,60.8
NS-0398,0.9600,4.0
NS-0399,0.9674,3.3
NS-0400,0.9430,5.7
NS-0401,0.8979,10.2
NS-0402,0.1933,80.7
NS-0403,0.0434,95.7
NS-0404,0.2501,75.0
NS-0405,0.2473,75.3
NS-0406,0.9098,9.0
NS-0407,0.3006,69.9
NS-0408,0.9556,4.4
NS-0409,0.3501,65.0
NS-0410,0.8224,17.8
NS-0411,0.2392,76.1
NS-0412,0.9151,8.5
NS-0413,0.9369,6.3
NS-0414,0.2145,78.5
NS-0415,0.2922,70.8
NS-0416,0.3171,68.3
NS-0417,0.3216,67.8
NS-0418,0.1545,84.6
NS-0419,0.9487,5.1
NS-0420,0.2233,77.7
NS-0421,0.2306,76.9
NS-0422,0.9486,5.1
NS-0423,0.1313,86.9
NS-0424,0.8902,11.0
NS-0425,0.0809,91.9
NS-0426,0.8785,12.2
NS-0427,0.9684,3.2
NS-0428,0.2120,78.8
NS-0429,0.2512,74.9
NS-0430,0.9771,2.3
NS-0431,0.1414,85.9
NS-0432,0.1231,87.7
NS-0433,0.2877,71.2
NS-0434,0.0725,92.8
NS-0435,0.2573,74.3
NS-0436,0.9688,3.1
NS-0437,0.1062,89.4
NS-0438,0.9520,4.8
NS-0439,0.0877,91.2
NS-0440,0.2496,75.0
NS-0441,0.0857,91.4
NS-0442,0.8777,12.2
NS-0443,0.0821,91.8
NS-0444,0.2262,77.4
NS-0445,0.1182,88.2
NS-0446,0.1528,84.7
NS-0447,0.9505,4.9
NS-0448,0.0884,91.2
NS-0449,0.2020,79.8
NS-0450,0.9963,0.4
NS-0451,0.2955,70.5
NS-0452,0.0658,93.4
NS-0453,0.1064,89.4
NS-0454,0.9163,8.4
NS-0455,0.2741,72.6
NS-0456,0.9872,1.3
NS-0457,0.9064,9.4
NS-0458,0.2404,76.0
NS-0459,0.3177,68.2
NS-0460,0.9412,5.9
NS-0461,0.8777,12.2
NS-0462,0.3699,63.0
NS-0463,0.9973,0.3
NS-0464,0.2057,79.4
NS-0465,0.9382,6.2
NS-0466,0.9453,5.5
NS-0467,0.2258,77.4
NS-0468,0.9900,1.0
NS-0469,0.2364,76.4
NS-0470,0.9378,6.2
NS-0471,0.3083,69.2
NS-0472,0.9077,9.2
NS-0473,0.8789,12.1
NS-0474,0.2057,79.4
NS-0475,0.0926,90.7
NS-0476,0.2487,75.1
NS-0477,0.9947,0.5
NS-0478,0.8871,11.3
NS-0479,0.4574,54.3
NS-0480,0.9935,0.6
NS-0481,0.0484,95.2
NS-0482,0.1884,81.2
NS-0483,0.8546,14.5
NS-0484,0.2391,76.1
NS-0485,0.0621,93.8
NS-0486,0.2710,72.9
NS-0487,0.3227,67.7
NS-0488,0.0721,92.8
NS-0489,0.1784,82.2
NS-0490,0.8909,10.9
NS-0491,0.2608,73.9
NS-0492,0.8958,10.4
NS-0493,0.0737,92.6
NS-0494,0.0822,91.8
NS-0495,0.3811,61.9
NS-0496,0.1235,87.7
NS-0497,0.2964,70.4
NS-0498,0.3259,67.4
NS-0499,0.0962,90.4
NS-0500,0.8008,19.9
NS-0501,1.0000,0.0
NS-0502,0.0417,95.8
NS-0503,0.2245,77.6
NS-0504,0.2196,78.0
NS-0505,1.0000,0.0
NS-0506,0.0507,94.9
NS-0507,0.9137,8.6
NS-0508,0.0889,91.1
NS-0509,0.0708,92.9
NS-0510,0.9080,9.2
NS-0511,0.1473,85.3
NS-0512,0.1479,85.2
NS-0513,0.9186,8.1
NS-0514,0.2069,79.3
NS-0515,0.9450,5.5
NS-0516,0.2659,73.4
NS-0517,0.1607,83.9
NS-0518,0.9576,4.2
NS-0519,0.2342,76.6
NS-0520,0.2485,75.1
NS-0521,0.4048,59.5
NS-0522,0.0455,95.4
NS-0523,0.9581,4.2
NS-0524,0.9291,7.1
NS-0525,0.1957,80.4
NS-0526,1.0000,0.0
NS-0527,0.9660,3.4
NS-0528,0.9913,0.9
NS-0529,0.1896,81.0
NS-0530,0.3654,63.5
NS-0531,0.2348,76.5
NS-0532,0.2069,79.3
NS-0533,0.2224,77.8
NS-0534,0.8463,15.4
NS-0535,0.3050,69.5
NS-0536,0.2414,75.9
NS-0537,1.0000,0.0
NS-0538,0.9045,9.5
NS-0539,0.1767,82.3
NS-0540,0.1493,85.1
NS-0541,0.9053,9.5
NS-0542,0.9982,0.2
NS-0543,0.0778,92.2
NS-0544,0.1243,87.6
NS-0545,0.9661,3.4
NS-0546,0.9512,4.9
NS-0547,0.9356,6.4
NS-0548,0.1484,85.2
NS-0549,0.9982,0.2
NS-0550,0.8553,14.5
NS-0551,0.8809,11.9
NS-0552,0.8716,12.8
NS-0553,0.2076,79.2
NS-0554,0.1531,84.7
NS-0555,0.9940,0.6
NS-0556,0.2828,71.7
NS-0557,0.3290,67.1
NS-0558,0.0573,94.3
NS-0559,0.2052,79.5
NS-0560,0.2158,78.4
NS-0561,0.1740,82.6
NS-0562,0.9598,4.0
NS-0563,0.1582,84.2
NS-0564,0.9325,6.7
NS-0565,0.0669,93.3
NS-0566,0.1801,82.0
NS-0567,0.8295,17.1
NS-0568,0.2359,76.4
NS-0569,0.2394,76.1
NS-0570,0.9690,3.1
NS-0571,0.1757,82.4
NS-0572,0.9394,6.1
NS-0573,0.0589,94.1
NS-0574,0.1086,89.1
NS-0575,0.0433,95.7
NS-0576,0.9185,8.2
NS-0577,0.2139,78.6
NS-0578,0.3421,65.8
NS-0579,0.3197,68.0
NS-0580,0.9600,4.0
NS-0581,0.9232,7.7
NS-0582,0.2608,73.9
NS-0583,0.1256,87.4
NS-0584,0.3025,69.8
NS-0585,0.9129,8.7
NS-0586,0.9704,3.0
NS-0587,0.1936,80.6
NS-0588,0.1904,81.0
NS-0589,0.2106,78.9
NS-0590,0.2204,78.0
NS-0591,0.1922,80.8
NS-0592,0.9637,3.6
NS-0593,0.0794,92.1
NS-0594,0.9447,5.5
NS-0595,0.3173,68.3
NS-0596,0.2100,79.0
NS-0597,0.8983,10.2
NS-0598,0.2536,74.6
NS-0599,0.1494,85.1
NS-0600,0.2854,71.5
NS-0601,0.3031,69.7
NS-0602,0.1329,86.7
NS-0603,0.3333,66.7
NS-0604,0.0418,95.8
NS-0605,0.2436,75.6
NS-0606,0.1088,89.1
NS-0607,0.2399,76.0
NS-0608,0.3454,65.5
NS-0609,0.1436,85.6
NS-0610,0.9325,6.8
NS-0611,0.0748,92.5
NS-0612,0.9453,5.5
NS-0613,0.9637,3.6
NS-0614,0.2578,74.2
NS-0615,0.9677,3.2
NS-0616,0.3112,68.9
NS-0617,0.9431,5.7
NS-0618,0.1541,84.6
NS-0619,0.8753,12.5
NS-0620,0.4432,55.7
NS-0621,0.9706,2.9
NS-0622,0.9900,1.0
NS-0623,1.0000,0.0
NS-0624,0.1269,87.3
NS-0625,0.2518,74.8
NS-0626,0.2768,72.3
NS-0627,0.2000,80.0
NS-0628,0.9171,8.3
NS-0629,1.0000,0.0
NS-0630,0.9211,7.9
NS-0631,0.0799,92.0
NS-0632,0.2835,71.6
NS-0633,0.0935,90.6
NS-0634,0.5720,42.8
NS-0635,0.9153,8.5
NS-0636,0.9379,6.2
NS-0637,0.1268,87.3
NS-0638,0.5185,48.1
NS-0639,0.1178,88.2
NS-0640,0.2515,74.9
NS-0641,0.9403,6.0
NS-0642,0.9412,5.9
NS-0643,0.1373,86.3
NS-0644,0.1420,85.8
NS-0645,0.8989,10.1
NS-0646,0.9709,2.9
NS-0647,0.8796,12.0
NS-0648,0.8862,11.4
NS-0649,0.2646,73.5
NS-0650,0.2410,75.9
NS-0651,0.8982,10.2
NS-0652,0.2935,70.7
NS-0653,0.3739,62.6
NS-0654,0.0551,94.5
NS-0655,1.0000,0.0
NS-0656,0.9431,5.7
NS-0657,1.0000,0.0
NS-0658,0.1544,84.6
NS-0659,1.0000,0.0
NS-0660,0.2570,74.3
NS-0661,0.8794,12.1
NS-0662,0.1926,80.7
NS-0663,0.2725,72.7
NS-0664,0.3525,64.7
NS-0665,0.9098,9.0
NS-0666,0.1156,88.4
NS-0667,0.9159,8.4
NS-0668,0.0731,92.7
NS-0669,0.9304,7.0
NS-0670,0.2780,72.2
NS-0671,0.9581,4.2
NS-0672,0.0504,95.0
NS-0673,0.3881,61.2
NS-0674,0.1450,85.5
NS-0675,0.2510,74.9
NS-0676,0.2041,79.6
NS-0677,0.9727,2.7
NS-0678,0.3410,65.9
NS-0679,0.0801,92.0
NS-0680,0.1819,81.8
NS-0681,0.9764,2.4
NS-0682,0.9580,4.2
NS-0683,0.9371,6.3
NS-0684,0.9394,6.1
NS-0685,0.2339,76.6
NS-0686,0.2855,71.5
NS-0687,0.1137,88.6
NS-0688,0.9606,3.9
NS-0689,0.0598,94.0
NS-0690,0.9331,6.7
NS-0691,0.8412,15.9
NS-0692,0.3410,65.9
NS-0693,0.1685,83.1
NS-0694,0.1130,88.7
NS-0695,0.2115,78.9
NS-0696,0.2378,76.2
NS-0697,0.9673,3.3
NS-0698,0.0625,93.7
NS-0699,0.1700,83.0
NS-0700,0.4607,53.9
NS-0701,0.9242,7.6
NS-0702,0.8295,17.1
NS-0703,0.2756,72.4
NS-0704,0.8599,14.0
NS-0705,0.2968,70.3
NS-0706,0.4188,58.1
NS-0707,0.2666,73.3
NS-0708,0.8959,10.4
NS-0709,0.9225,7.7
NS-0710,0.2001,80.0
NS-0711,0.1667,83.3
NS-0712,0.1005,89.9
NS-0713,0.2642,73.6
NS-0714,0.3514,64.9
NS-0715,0.9649,3.5
NS-0716,0.1955,80.5
NS-0717,0.2735,72.6
NS-0718,0.0983,90.2
NS-0719,0.1650,83.5
NS-0720,0.2916,70.8
NS-0721,0.9559,4.4
NS-0722,0.9436,5.6
NS-0723,0.8766,12.3
NS-0724,0.2594,74.1
NS-0725,0.1171,88.3
NS-0726,0.1738,82.6
NS-0727,0.9702,3.0
NS-0728,0.3443,65.6
NS-0729,0.1106,88.9
NS-0730,0.3028,69.7
NS-0731,0.3144,68.6
NS-0732,0.1603,84.0
NS-0733,0.1921,80.8
NS-0734,0.2713,72.9
NS-0735,0.2118,78.8
NS-0736,0.2483,75.2
NS-0737,0.9707,2.9
NS-0738,0.8723,12.8
NS-0739,0.1202,88.0
NS-0740,0.1679,83.2
NS-0741,0.2120,78.8
NS-0742,0.3345,66.5
NS-0743,0.2572,74.3
NS-0744,0.0433,95.7
NS-0745,0.9342,6.6
NS-0746,0.9900,1.0
NS-0747,0.8829,11.7
NS-0748,0.9437,5.6
NS-0749,0.2660,73.4
NS-0750,0.2541,74.6
NS-0751,0.2475,75.2
NS-0752,0.3453,65.5
NS-0753,0.9069,9.3
NS-0754,0.2237,77.6
NS-0755,0.2277,77.2
NS-0756,0.2381,76.2
NS-0757,0.2315,76.9
NS-0758,0.3068,69.3
NS-0759,0.9547,4.5
NS-0760,0.9897,1.0
NS-0761,0.2973,70.3
NS-0762,0.9688,3.1
NS-0763,0.1296,87.0
NS-0764,0.3889,61.1
NS-0765,0.3457,65.4
NS-0766,0.9660,3.4
NS-0767,0.2424,75.8
NS-0768,0.2763,72.4
NS-0769,0.9613,3.9
NS-0770,0.1300,87.0
NS-0771,0.9525,4.8
NS-0772,0.9611,3.9
NS-0773,0.9630,3.7
NS-0774,0.9470,5.3
NS-0775,0.9550,4.5
NS-0776,0.0559,94.4
NS-0777,1.0000,0.0
NS-0778,0.3860,61.4
NS-0779,0.2801,72.0
NS-0780,0.9472,5.3
NS-0781,0.9062,9.4
NS-0782,0.2212,77.9
NS-0783,0.2475,75.3
NS-0784,1.0000,0.0
NS-0785,0.1269,87.3
NS-0786,0.2494,75.1
NS-0787,0.3756,62.4
NS-0788,0.1199,88.0
NS-0789,0.1976,80.2
NS-0790,0.1837,81.6
NS-0791,0.9967,0.3
NS-0792,0.9940,0.6
NS-0793,0.2997,70.0
NS-0794,0.8424,15.8
NS-0795,0.1019,89.8
NS-0796,0.5742,42.6
NS-0797,0.0959,90.4
NS-0798,0.1268,87.3
NS-0799,0.3568,64.3
NS-0800,0.2120,78.8
NS-0801,0.9947,0.5
NS-0802,0.4575,54.2
NS-0803,0.3193,68.1
NS-0804,0.2486,75.1
NS-0805,0.9430,5.7
NS-0806,0.2768,72.3
NS-0807,0.1674,83.3
NS-0808,0.2715,72.8
NS-0809,0.2490,75.1
NS-0810,0.0538,94.6
NS-0811,0.1187,88.1
NS-0812,0.2916,70.8
NS-0813,0.0773,92.3
NS-0814,0.0589,94.1
NS-0815,0.1298,87.0
NS-0816,0.9380,6.2
NS-0817,0.2043,79.6
NS-0818,0.9407,5.9
NS-0819,0.2261,77.4
NS-0820,0.0878,91.2
NS-0821,0.8472,15.3
NS-0822,0.9718,2.8
NS-0823,0.3015,69.8
NS-0824,0.9617,3.8
NS-0825,0.5978,40.2
NS-0826,0.9685,3.1
NS-0827,0.3544,64.6
NS-0828,0.1782,82.2
NS-0829,0.1754,82.5
NS-0830,0.9344,6.6
NS-0831,0.1970,80.3
NS-0832,0.1762,82.4
NS-0833,0.1586,84.1
NS-0834,0.2431,75.7
NS-0835,0.9511,4.9
NS-0836,0.8606,13.9
NS-0837,0.9215,7.8
NS-0838,0.8916,10.8
NS-0839,0.3450,65.5
NS-0840,0.9713,2.9
NS-0841,0.8941,10.6
NS-0842,0.2435,75.6
NS-0843,0.1093,89.1
NS-0844,0.0517,94.8
NS-0845,0.9442,5.6
NS-0846,0.8982,10.2
NS-0847,0.2023,79.8
NS-0848,0.1064,89.4
NS-0849,0.2923,70.8
NS-0850,0.9596,4.0
NS-0851,0.0883,91.2
NS-0852,0.9531,4.7
NS-0853,0.2627,73.7
NS-0854,0.2012,79.9
NS-0855,0.1753,82.5
NS-0856,0.1334,86.7
NS-0857,0.1708,82.9
NS-0858,0.3296,67.0
NS-0859,0.9079,9.2
NS-0860,0.2847,71.5
NS-0861,0.8882,11.2
NS-0862,0.8993,10.1
NS-0863,0.1916,80.8
NS-0864,0.9393,6.1
NS-0865,1.0000,0.0
NS-0866,0.0675,93.2
NS-0867,0.2232,77.7
NS-0868,0.9021,9.8
NS-0869,0.3210,67.9
NS-0870,0.3377,66.2
NS-0871,0.1665,83.3
NS-0872,0.9973,0.3
NS-0873,0.9283,7.2
NS-0874,0.2471,75.3
NS-0875,0.0849,91.5
NS-0876,0.4413,55.9
NS-0877,0.2531,74.7
NS-0878,0.9155,8.5
NS-0879,0.9243,7.6
NS-0880,0.0633,93.7
NS-0881,0.9100,9.0
NS-0882,1.0000,0.0
NS-0883,0.0657,93.4
NS-0884,0.2207,77.9
NS-0885,0.3902,61.0
NS-0886,0.2397,76.0
NS-0887,0.2063,79.4
NS-0888,0.1436,85.6
NS-0889,0.8885,11.1
NS-0890,0.0957,90.4
NS-0891,0.9725,2.8
NS-0892,0.9760,2.4
NS-0893,0.9140,8.6
NS-0894,0.2604,74.0
NS-0895,0.5989,40.1
NS-0896,0.8771,12.3
NS-0897,0.3042,69.6
NS-0898,0.2122,78.8
NS-0899,0.8370,16.3
NS-0900,0.1289,87.1
NS-0901,0.9131,8.7
NS-0902,1.0000,0.0
NS-0903,0.8999,10.0
NS-0904,0.3307,66.9
NS-0905,0.9165,8.4
NS-0906,0.2486,75.1
NS-0907,0.2434,75.7
NS-0908,0.1776,82.2
NS-0909,0.0808,91.9
NS-0910,0.8470,15.3
NS-0911,0.0812,91.9
NS-0912,0.0944,90.6
NS-0913,0.3259,67.4
NS-0914,0.8884,11.2
NS-0915,0.1827,81.7
NS-0916,0.2454,75.5
NS-0917,0.2628,73.7
NS-0918,0.9219,7.8
NS-0919,1.0000,0.0
NS-0920,0.1029,89.7
NS-0921,0.1127,88.7
NS-0922,0.8842,11.6
NS-0923,0.1510,84.9
NS-0924,0.9039,9.6
NS-0925,0.9715,2.8
NS-0926,0.1425,85.8
NS-0927,0.0363,96.4
NS-0928,0.8557,14.4
NS-0929,0.3333,66.7
NS-0930,0.9904,1.0
NS-0931,0.2444,75.6
NS-0932,0.2299,77.0
NS-0933,0.9322,6.8
NS-0934,0.2755,72.4
NS-0935,0.1272,87.3
NS-0936,0.2628,73.7
NS-0937,0.3719,62.8
NS-0938,0.2476,75.2
NS-0939,0.7797,22.0
NS-0940,0.0938,90.6
NS-0941,0.9551,4.5
NS-0942,0.9346,6.5
NS-0943,0.0672,93.3
NS-0944,0.1316,86.8
NS-0945,0.1789,82.1
NS-0946,0.3162,68.4
NS-0947,0.9117,8.8
NS-0948,0.8941,10.6
NS-0949,0.2623,73.8
NS-0950,0.3378,66.2
NS-0951,0.1397,86.0
NS-0952,0.9072,9.3
NS-0953,0.2865,71.3
NS-0954,0.2932,70.7
NS-0955,0.9477,5.2
NS-0956,0.9526,4.7
NS-0957,0.9885,1.1
NS-0958,0.8641,13.6
NS-0959,0.2743,72.6
NS-0960,0.9447,5.5
NS-0961,0.2481,75.2
NS-0962,0.9261,7.4
NS-0963,0.1894,81.1
NS-0964,0.3242,67.6
NS-0965,0.9346,6.5
NS-0966,0.8228,17.7
NS-0967,0.1645,83.6
NS-0968,0.0441,95.6
NS-0969,0.2303,77.0
NS-0970,0.9807,1.9
NS-0971,0.2124,78.8
NS-0972,0.3100,69.0
NS-0973,0.1884,81.2
NS-0974,0.0543,94.6
NS-0975,0.1794,82.1
NS-0976,0.3901,61.0
NS-0977,0.9392,6.1
NS-0978,0.4096,59.0
NS-0979,0.9227,7.7
NS-0980,0.9105,8.9
NS-0981,0.0386,96.1
NS-0982,0.3275,67.3
NS-0983,0.0345,96.5
NS-0984,0.2413,75.9
NS-0985,0.0790,92.1
NS-0986,0.9398,6.0
NS-0987,0.2120,78.8
NS-0988,0.9536,4.6
NS-0989,0.2951,70.5
NS-0990,0.1005,89.9
NS-0991,0.2719,72.8
NS-0992,0.9582,4.2
NS-0993,0.8665,13.3
NS-0994,0.1460,85.4
NS-0995,0.2556,74.4
NS-0996,0.8877,11.2
NS-0997,0.0763,92.4
NS-0998,0.2594,74.1
NS-0999,0.9608,3.9
NS-1000,0.0774,92.3
NS-1001,0.9703,3.0
NS-1002,0.2142,78.6
NS-1003,0.8672,13.3
NS-1004,0.9212,7.9
NS-1005,0.3566,64.3
NS-1006,0.1615,83.8
NS-1007,0.3456,65.4
NS-1008,0.0640,93.6
NS-1009,0.9123,8.8
NS-1010,0.8272,17.3
NS-1011,0.0753,92.5
NS-1012,0.9758,2.4
NS-1013,0.9426,5.7
NS-1014,0.0857,91.4
NS-1015,0.2851,71.5
NS-1016,1.0000,0.0
NS-1017,0.2097,79.0
NS-1018,0.3157,68.4
NS-1019,0.2527,74.7
NS-1020,0.3480,65.2
NS-1021,0.2727,72.7
NS-1022,0.9232,7.7
NS-1023,0.2859,71.4
NS-1024,0.2473,75.3
NS-1025,0.9446,5.5
NS-1026,0.2512,74.9
NS-1027,0.1921,80.8
NS-1028,0.1015,89.9
NS-1029,0.9877,1.2
NS-1030,0.0923,90.8
NS-1031,0.9165,8.4
NS-1032,0.8428,15.7
NS-1033,0.9627,3.7
NS-1034,0.9097,9.0
NS-1035,0.1154,88.5
NS-1036,0.2434,75.7
NS-1037,0.1391,86.1
NS-1038,0.1637,83.6
NS-1039,0.8885,11.2
NS-1040,0.8402,16.0
NS-1041,0.0539,94.6
NS-1042,0.2677,73.2
NS-1043,0.2276,77.2
NS-1044,0.1902,81.0
NS-1045,0.2767,72.3
NS-1046,0.9812,1.9
NS-1047,0.2089,79.1
NS-1048,0.9667,3.3
NS-1049,0.8896,11.0
NS-1050,0.9990,0.1
NS-1051,0.9036,9.6
NS-1052,0.9180,8.2
NS-1053,0.9920,0.8
NS-1054,0.0612,93.9
NS-1055,0.0557,94.4
NS-1056,0.9338,6.6
NS-1057,0.3298,67.0
NS-1058,1.0000,0.0
NS-1059,0.2476,75.2
NS-1060,0.9499,5.0
NS-1061,0.0695,93.1
NS-1062,0.1302,87.0
NS-1063,0.0947,90.5
NS-1064,0.8926,10.7
NS-1065,0.1274,87.3
NS-1066,0.1625,83.7
NS-1067,0.3878,61.2
NS-1068,0.9478,5.2
NS-1069,0.9428,5.7
NS-1070,0.4589,54.1
NS-1071,0.0792,92.1
NS-1072,0.3299,67.0
NS-1073,0.1855,81.5
NS-1074,0.2223,77.8
NS-1075,0.9733,2.7
NS-1076,0.2490,75.1
NS-1077,0.1551,84.5
NS-1078,0.9925,0.7
NS-1079,0.5735,42.6
NS-1080,0.9519,4.8
NS-1081,0.9415,5.9
NS-1082,0.4101,59.0
NS-1083,0.9641,3.6
NS-1084,0.2556,74.4
NS-1085,0.2832,71.7
NS-1086,0.1535,84.6
NS-1087,0.1618,83.8
NS-1088,0.2279,77.2
NS-1089,0.1708,82.9
NS-1090,0.1212,87.9
NS-1091,0.9324,6.8
NS-1092,0.3284,67.2
NS-1093,0.8236,17.6
NS-1094,0.1135,88.7
NS-1095,0.2724,72.8
NS-1096,0.9239,7.6
NS-1097,0.9666,3.3
NS-1098,0.9940,0.6
NS-1099,1.0000,0.0
NS-1100,0.2656,73.4
NS-1101,0.9337,6.6
NS-1102,0.3075,69.2
NS-1103,0.2317,76.8
NS-1104,0.9502,5.0
NS-1105,0.1305,87.0
NS-1106,0.8932,10.7
NS-1107,0.0737,92.6
NS-1108,0.9324,6.8
NS-1109,0.1223,87.8
NS-1110,0.2493,75.1
NS-1111,0.2215,77.8
NS-1112,0.0720,92.8
NS-1113,0.9940,0.6
NS-1114,0.9454,5.5
NS-1115,0.3508,64.9
NS-1116,0.4382,56.2
NS-1117,0.2740,72.6
NS-1118,0.1417,85.8
NS-1119,0.9125,8.8
NS-1120,0.8847,11.5
NS-1121,0.3038,69.6
NS-1122,0.0642,93.6
NS-1123,0.2998,70.0
NS-1124,0.1386,86.1
NS-1125,0.0465,95.4
NS-1126,0.1513,84.9
NS-1127,0.9560,4.4
NS-1128,0.1298,87.0
NS-1129,0.8717,12.8
NS-1130,0.0587,94.1
NS-1131,0.9964,0.4
NS-1132,0.1425,85.7
NS-1133,0.0870,91.3
NS-1134,0.9929,0.7
NS-1135,0.1669,83.3
NS-1136,0.8940,10.6
NS-1137,0.2265,77.3
NS-1138,0.1890,81.1
NS-1139,0.8855,11.5
NS-1140,0.8930,10.7
NS-1141,0.9239,7.6
NS-1142,0.9071,9.3
NS-1143,0.1855,81.5
NS-1144,0.1812,81.9
NS-1145,1.0000,0.0
NS-1146,0.0751,92.5
NS-1147,0.0447,95.5
NS-1148,0.9046,9.5
NS-1149,0.2689,73.1
NS-1150,0.1843,81.6
NS-1151,0.9862,1.4
NS-1152,0.2227,77.7
NS-1153,0.9131,8.7
NS-1154,0.2102,79.0
NS-1155,0.2906,70.9
NS-1156,0.0506,94.9
NS-1157,0.0770,92.3
NS-1158,0.2481,75.2
NS-1159,0.1271,87.3
NS-1160,0.6154,38.5
NS-1161,0.0936,90.6
NS-1162,0.1728,82.7
NS-1163,0.9592,4.1
NS-1164,0.2233,77.7
NS-1165,0.4094,59.1
NS-1166,0.8114,18.9
NS-1167,0.2668,73.3
NS-1168,0.1373,86.3
NS-1169,0.2382,76.2
NS-1170,0.2482,75.2
NS-1171,0.3914,60.9
NS-1172,0.3965,60.4
NS-1173,0.1030,89.7
NS-1174,0.9524,4.8
NS-1175,0.2863,71.4
NS-1176,0.9669,3.3
NS-1177,0.2553,74.5
NS-1178,0.8753,12.5
NS-1179,0.2819,71.8
NS-1180,0.3067,69.3
NS-1181,0.1306,86.9
NS-1182,0.2358,76.4
NS-1183,0.1405,85.9
NS-1184,0.5542,44.6
NS-1185,0.9309,6.9
NS-1186,0.0573,94.3
NS-1187,0.2780,72.2
NS-1188,0.2579,74.2
NS-1189,0.9447,5.5
NS-1190,0.0725,92.8
NS-1191,0.8761,12.4
NS-1192,0.8210,17.9
NS-1193,0.1606,83.9
NS-1194,0.9360,6.4
NS-1195,0.3396,66.0
NS-1196,0.9500,5.0
NS-1197,0.0993,90.1
NS-1198,0.9671,3.3
NS-1199,0.9276,7.2
NS-1200,0.8129,18.7
NS-1201,0.2748,72.5
NS-1202,0.2433,75.7
NS-1203,0.2536,74.6
NS-1204,0.1362,86.4
NS-1205,0.2853,71.5
NS-1206,0.6414,35.9
NS-1207,0.0473,95.3
NS-1208,0.9435,5.7
NS-1209,0.2193,78.1
NS-1210,0.1749,82.5
NS-1211,0.3340,66.6
NS-1212,0.3272,67.3
NS-1213,0.8739,12.6
NS-1214,1.0000,0.0
NS-1215,0.0614,93.9
NS-1216,0.9303,7.0
NS-1217,0.9708,2.9
NS-1218,0.3179,68.2
NS-1219,0.0943,90.6
NS-1220,0.9973,0.3
NS-1221,0.9613,3.9
NS-1222,0.9447,5.5
NS-1223,1.0000,0.0
NS-1224,0.0887,91.1
NS-1225,0.1050,89.5
NS-1226,0.3321,66.8
NS-1227,0.3193,68.1
NS-1228,0.2372,76.3
NS-1229,0.9162,8.4
NS-1230,0.3185,68.2
NS-1231,1.0000,0.0
NS-1232,0.0881,91.2
NS-1233,0.9614,3.9
NS-1234,0.2093,79.1
NS-1235,0.1824,81.8
NS-1236,0.0823,91.8
NS-1237,0.9195,8.1
NS-1238,0.2308,76.9
NS-1239,0.2664,73.4
NS-1240,0.9058,9.4
NS-1241,0.9707,2.9
NS-1242,0.3590,64.1
NS-1243,0.2536,74.6
NS-1244,0.3568,64.3
NS-1245,0.9794,2.1
NS-1246,1.0000,0.0
NS-1247,0.0673,93.3
NS-1248,0.2279,77.2
NS-1249,0.1320,86.8
NS-1250,0.2455,75.4
NS-1251,0.1048,89.5
NS-1252,0.2486,75.1
NS-1253,0.9316,6.8
NS-1254,0.1352,86.5
NS-1255,1.0000,0.0
NS-1256,0.2596,74.0
NS-1257,0.9366,6.3
NS-1258,0.1837,81.6
NS-1259,0.9354,6.5
NS-1260,0.1402,86.0
NS-1261,0.2282,77.2
NS-1262,0.3117,68.8
NS-1263,0.3026,69.7
NS-1264,0.9917,0.8
NS-1265,0.8873,11.3
NS-1266,0.2880,71.2
NS-1267,0.9380,6.2
NS-1268,0.0640,93.6
NS-1269,0.8637,13.6
NS-1270,0.2054,79.5
NS-1271,0.1906,80.9
NS-1272,0.9631,3.7
NS-1273,0.1758,82.4
NS-1274,0.9323,6.8
NS-1275,0.8838,11.6
NS-1276,0.2204,78.0
NS-1277,0.9605,4.0
NS-1278,0.9189,8.1
NS-1279,0.1885,81.1
NS-1280,0.9100,9.0
NS-1281,0.0655,93.4
NS-1282,0.3803,62.0
NS-1283,0.9982,0.2
NS-1284,0.2140,78.6
NS-1285,0.9973,0.3
NS-1286,1.0000,0.0
NS-1287,0.8679,13.2
NS-1288,0.1234,87.7
NS-1289,0.2423,75.8
NS-1290,0.9891,1.1
NS-1291,0.9771,2.3
NS-1292,0.9219,7.8
NS-1293,0.2700,73.0
NS-1294,0.8772,12.3
NS-1295,0.4006,59.9
NS-1296,0.2100,79.0
NS-1297,0.8546,14.5
NS-1298,0.2270,77.3
NS-1299,0.4160,58.4
NS-1300,1.0000,0.0
NS-1301,0.1494,85.1
NS-1302,0.2069,79.3
NS-1303,0.1286,87.1
NS-1304,0.9704,3.0
NS-1305,0.8604,14.0
NS-1306,0.1977,80.2
NS-1307,0.1552,84.5
NS-1308,0.1418,85.8
NS-1309,0.8657,13.4
NS-1310,0.1053,89.5
NS-1311,0.3465,65.3
NS-1312,0.3021,69.8
NS-1313,0.1089,89.1
NS-1314,0.3227,67.7
NS-1315,0.9477,5.2
NS-1316,0.8716,12.8
NS-1317,0.9647,3.5
NS-1318,0.9636,3.6
NS-1319,0.2766,72.3
NS-1320,0.1977,80.2
NS-1321,0.3409,65.9
NS-1322,0.2312,76.9
NS-1323,0.2836,71.6
NS-1324,0.9668,3.3
NS-1325,0.3172,68.3
NS-1326,0.1930,80.7
NS-1327,0.1627,83.7
NS-1328,0.2089,79.1
NS-1329,0.9963,0.4
NS-1330,0.1944,80.6
NS-1331,0.9973,0.3
NS-1332,0.1472,85.3
NS-1333,0.8850,11.5
NS-1334,0.8780,12.2
NS-1335,0.0843,91.6
NS-1336,0.5347,46.5
NS-1337,0.1102,89.0
NS-1338,0.2568,74.3
NS-1339,0.2307,76.9
NS-1340,0.0788,92.1
NS-1341,0.1919,80.8
NS-1342,0.3102,69.0
NS-1343,0.1230,87.7
NS-1344,0.1338,86.6
NS-1345,0.0650,93.5
NS-1346,0.2650,73.5
NS-1347,0.9959,0.4
NS-1348,0.2084,79.2
NS-1349,0.9387,6.1
NS-1350,0.2584,74.2
NS-1351,0.9540,4.6
NS-1352,1.0000,0.0
NS-1353,0.2001,80.0
NS-1354,0.1331,86.7
NS-1355,0.2439,75.6
NS-1356,0.2053,79.5
NS-1357,0.1349,86.5
NS-1358,0.0980,90.2
NS-1359,0.8906,10.9
NS-1360,0.1240,87.6
NS-1361,0.9559,4.4
NS-1362,0.2818,71.8
NS-1363,0.1529,84.7
NS-1364,0.2238,77.6
NS-1365,0.2709,72.9
NS-1366,0.1602,84.0
NS-1367,0.9350,6.5
NS-1368,0.9483,5.2
NS-1369,0.3086,69.1
NS-1370,0.2056,79.4
NS-1371,0.8789,12.1
NS-1372,0.1404,86.0
NS-1373,0.1395,86.1
NS-1374,0.2940,70.6
NS-1375,0.9316,6.8
NS-1376,0.9877,1.2
NS-1377,0.2349,76.5
NS-1378,0.1582,84.2
NS-1379,0.4614,53.9
NS-1380,0.2205,78.0
NS-1381,0.3091,69.1
NS-1382,0.9076,9.2
NS-1383,0.9214,7.9
NS-1384,0.2639,73.6
NS-1385,0.3068,69.3
NS-1386,0.0661,93.4
NS-1387,0.2161,78.4
NS-1388,0.8869,11.3
NS-1389,0.2000,80.0
NS-1390,0.9854,1.5
NS-1391,0.1263,87.4
NS-1392,0.9404,6.0
NS-1393,0.1871,81.3
NS-1394,0.2584,74.2
NS-1395,0.9187,8.1
NS-1396,0.9246,7.5
NS-1397,0.9660,3.4
NS-1398,0.0710,92.9
NS-1399,0.1067,89.3
NS-1400,0.0762,92.4
NS-1401,0.4668,53.3
NS-1402,0.1246,87.5
NS-1403,0.1543,84.6
NS-1404,0.9925,0.8
NS-1405,0.8822,11.8
NS-1406,0.9707,2.9
NS-1407,0.1859,81.4
NS-1408,0.2837,71.6
NS-1409,0.3661,63.4
NS-1410,0.1178,88.2
NS-1411,0.2217,77.8
NS-1412,0.3069,69.3
NS-1413,0.1057,89.4
NS-1414,0.1206,87.9
NS-1415,0.3989,60.1
NS-1416,0.1431,85.7
NS-1417,0.2774,72.3
NS-1418,0.8619,13.8
NS-1419,0.1908,80.9
NS-1420,0.1543,84.6
NS-1421,0.2795,72.0
NS-1422,0.9947,0.5
NS-1423,0.9249,7.5
NS-1424,0.9426,5.7
NS-1425,0.9911,0.9
NS-1426,0.0524,94.8
NS-1427,0.1329,86.7
NS-1428,0.9438,5.6
NS-1429,0.1295,87.1
NS-1430,1.0000,0.0
NS-1431,0.0654,93.5
NS-1432,0.0731,92.7
NS-1433,0.9877,1.2
NS-1434,0.2524,74.8
NS-1435,0.3211,67.9
NS-1436,0.9121,8.8
NS-1437,0.1237,87.6
NS-1438,0.9267,7.3
NS-1439,0.1346,86.5
NS-1440,0.1523,84.8
NS-1441,0.4649,53.5
NS-1442,1.0000,0.0
NS-1443,0.1100,89.0
NS-1444,0.1652,83.5
NS-1445,0.2894,71.1
NS-1446,0.1096,89.0
NS-1447,0.2440,75.6
NS-1448,0.0512,94.9
NS-1449,0.1003,90.0
NS-1450,1.0000,0.0
NS-1451,0.3001,70.0
NS-1452,0.8835,11.6
NS-1453,0.0859,91.4
NS-1454,0.1398,86.0
NS-1455,0.2667,73.3
NS-1456,0.2930,70.7
NS-1457,0.2515,74.8
NS-1458,0.9186,8.1
NS-1459,0.9505,5.0
NS-1460,0.3686,63.1
NS-1461,0.2027,79.7
NS-1462,0.1518,84.8
NS-1463,0.3252,67.5
NS-1464,0.9114,8.9
NS-1465,0.2555,74.4
NS-1466,1.0000,0.0
NS-1467,1.0000,0.0
NS-1468,0.9378,6.2
NS-1469,0.3121,68.8
NS-1470,0.9425,5.8
NS-1471,0.9967,0.3
NS-1472,0.2279,77.2
NS-1473,0.9283,7.2
NS-1474,0.3211,67.9
NS-1475,0.9881,1.2
NS-1476,0.9947,0.5
NS-1477,0.1953,80.5
NS-1478,0.9083,9.2
NS-1479,0.2527,74.7
NS-1480,0.0930,90.7
NS-1481,0.2629,73.7
NS-1482,0.0435,95.7
NS-1483,0.2697,73.0
NS-1484,0.6619,33.8
NS-1485,0.2616,73.8
NS-1486,0.1666,83.3
NS-1487,0.3639,63.6
NS-1488,0.9622,3.8
NS-1489,0.8752,12.5
NS-1490,0.2558,74.4
NS-1491,0.2845,71.5
NS-1492,0.9358,6.4
NS-1493,0.3283,67.2
NS-1494,0.0539,94.6
NS-1495,1.0000,0.0
NS-1496,0.2492,75.1
NS-1497,0.8756,12.4
NS-1498,0.9161,8.4
NS-1499,0.2827,71.7
NS-1500,0.2421,75.8