project_id,intervention_type,city,ward,units,carpet_area_sqft,construction_cost_per_sqft,land_value_per_sqm,FSI,cross_subsidy_ratio,completion_months,delay_months,cost_overrun_pct,resident_satisfaction,viability_flag
PR-0001,in_situ_SRA,Thane,Thane West,2165,323,2526.0,37730.0,1.83,0.451,35.0,8.0,15.0,0.568,False
PR-0002,in_situ_SRA,Mumbai,S Ward,816,300,2749.0,17388.0,2.19,0.741,26.0,11.0,8.3,0.408,False
PR-0003,in_situ_SRA,Mumbai,M Ward,1312,300,2271.0,64111.0,2.24,0.626,21.0,8.0,23.8,0.499,True
PR-0004,in_situ_SRA,Mumbai,S Ward,1152,300,2312.0,48556.0,2.58,0.527,34.0,0.0,17.7,0.501,True
PR-0005,upgrading,Thane,Thane West,895,350,3009.0,38905.0,2.55,0.601,30.0,21.0,0.0,0.737,True
PR-0006,in_situ_SRA,Mumbai,M Ward,1599,400,1925.0,35974.0,3.42,0.549,48.0,18.0,9.9,0.936,True
PR-0007,in_situ_SRA,Thane,Thane East,902,400,2001.0,59347.0,2.13,0.717,38.0,7.0,9.9,0.757,True
PR-0008,upgrading,Mumbai,L Ward,1813,400,3296.0,43326.0,2.95,0.9,34.0,17.0,18.0,0.803,True
PR-0009,in_situ_SRA,Mumbai,L Ward,1148,269,2410.0,20122.0,2.59,0.511,41.0,6.0,0.0,0.663,True
PR-0010,upgrading,Mumbai,M Ward,883,323,2988.0,15000.0,3.41,0.53,39.0,14.0,15.8,0.684,True
PR-0011,in_situ_SRA,Kalyan,Kalyan West,1053,400,2697.0,40950.0,2.87,0.249,41.0,0.0,13.3,0.636,False
PR-0012,in_situ_SRA,Mumbai,L Ward,1266,400,2871.0,49140.0,2.93,0.674,19.0,3.0,8.2,0.598,True
PR-0013,in_situ_SRA,Thane,Thane East,2585,400,2336.0,26518.0,3.86,0.588,47.0,18.0,2.9,0.397,True
PR-0014,in_situ_SRA,Mumbai,L Ward,241,323,2667.0,41757.0,1.93,0.788,39.0,9.0,0.0,0.525,True
PR-0015,relocation,Mumbai,M Ward,964,300,3417.0,19594.0,3.95,0.441,27.0,14.0,8.9,0.622,True
PR-0016,rental_housing,Kalyan,Kalyan East,175,400,2361.0,65919.0,2.19,0.587,40.0,13.0,12.6,0.479,True
PR-0017,upgrading,Mumbai,M Ward,2417,269,3323.0,54226.0,3.46,0.521,51.0,0.0,10.6,0.608,True
PR-0018,in_situ_SRA,Mumbai,S Ward,847,350,1883.0,15523.0,1.39,0.557,51.0,18.0,2.5,0.589,True
PR-0019,relocation,Mumbai,M Ward,1097,300,3003.0,63152.0,1.97,0.487,32.0,5.0,15.2,0.702,False
PR-0020,upgrading,Thane,Thane West,2345,400,3432.0,76237.0,2.93,0.391,24.0,13.0,20.4,0.481,True
PR-0021,relocation,Mumbai,L Ward,661,269,2894.0,36126.0,2.96,0.36,48.0,18.0,8.2,0.429,False
PR-0022,in_situ_SRA,Mumbai,M Ward,749,400,2528.0,37551.0,2.39,0.533,24.0,10.0,14.1,0.72,False
PR-0023,rental_housing,Mumbai,M Ward,2542,300,3059.0,57952.0,3.11,0.531,47.0,21.0,18.2,0.536,False
PR-0024,rental_housing,Mumbai,L Ward,1673,323,3517.0,15000.0,3.28,0.629,42.0,7.0,0.6,0.444,True
PR-0025,in_situ_SRA,Thane,Thane West,1676,300,3504.0,46002.0,2.41,0.472,38.0,10.0,15.8,0.438,False
PR-0026,upgrading,Mumbai,S Ward,1980,350,3137.0,59061.0,3.39,0.566,51.0,17.0,13.6,0.391,False
PR-0027,upgrading,Kalyan,Kalyan East,1309,350,2706.0,45285.0,2.5,0.712,24.0,2.0,26.5,0.705,True
PR-0028,rental_housing,Ambarnath,Ambarnath,1389,400,2899.0,90809.0,2.14,0.411,43.0,20.0,11.9,0.659,True
PR-0029,upgrading,Mumbai,M Ward,1509,400,4312.0,61651.0,2.84,0.65,36.0,7.0,17.5,0.538,True
PR-0030,in_situ_SRA,Mumbai,L Ward,2444,350,3648.0,27048.0,3.81,0.64,16.0,20.0,16.4,0.322,False
PR-0031,in_situ_SRA,Thane,Thane West,1885,350,3035.0,38753.0,1.79,0.764,38.0,16.0,21.6,0.661,True
PR-0032,upgrading,Mumbai,S Ward,830,269,3435.0,42770.0,1.85,0.54,31.0,19.0,9.9,0.441,True
PR-0033,rental_housing,Mumbai,S Ward,2175,400,3077.0,46896.0,2.41,0.456,43.0,8.0,15.5,0.298,True
PR-0034,in_situ_SRA,Thane,Thane West,238,300,2439.0,53455.0,3.65,0.501,37.0,7.0,9.7,0.937,True
PR-0035,relocation,Mumbai,S Ward,390,269,2084.0,46969.0,2.15,0.433,52.0,10.0,0.0,0.571,True
PR-0036,upgrading,Kalyan,Kalyan West,166,400,2407.0,34491.0,1.86,0.567,32.0,13.0,20.5,0.677,True
PR-0037,in_situ_SRA,Kalyan,Kalyan West,2247,350,2751.0,32726.0,3.86,0.666,31.0,19.0,0.1,0.608,False
PR-0038,upgrading,Mumbai,L Ward,740,269,2102.0,57293.0,2.77,0.304,24.0,12.0,6.8,0.509,False
PR-0039,in_situ_SRA,Mumbai,S Ward,800,300,3594.0,41722.0,3.16,0.748,52.0,6.0,2.8,0.575,True
PR-0040,in_situ_SRA,Mumbai,M Ward,683,269,3674.0,43059.0,3.17,0.805,27.0,20.0,14.6,0.737,False
PR-0041,in_situ_SRA,Thane,Thane West,306,400,2628.0,65561.0,3.17,0.348,34.0,5.0,14.2,0.418,True
PR-0042,upgrading,Mumbai,M Ward,84,269,3486.0,48626.0,3.52,0.506,24.0,0.0,12.8,0.369,True
PR-0043,in_situ_SRA,Mumbai,M Ward,1658,300,2278.0,62868.0,2.67,0.616,42.0,14.0,6.3,0.787,False
PR-0044,in_situ_SRA,Mumbai,M Ward,2101,350,2409.0,44293.0,5.03,0.29,33.0,11.0,9.9,0.596,True
PR-0045,in_situ_SRA,Mumbai,M Ward,2451,400,1992.0,26551.0,1.68,0.534,32.0,3.0,8.6,0.534,False
PR-0046,upgrading,Kalyan,Kalyan East,1762,350,2559.0,56663.0,3.01,0.554,43.0,16.0,20.3,0.737,True
PR-0047,relocation,Mumbai,L Ward,2473,323,3477.0,30102.0,1.76,0.569,41.0,14.0,18.4,0.323,False
PR-0048,in_situ_SRA,Thane,Thane West,1969,350,2037.0,47355.0,2.09,0.46,26.0,17.0,9.9,0.522,True
PR-0049,in_situ_SRA,Mumbai,S Ward,1455,300,2217.0,38148.0,3.25,0.216,31.0,11.0,2.0,0.718,True
PR-0050,upgrading,Mumbai,L Ward,1377,269,3385.0,69810.0,2.42,0.356,18.0,0.0,12.5,0.452,True
PR-0051,in_situ_SRA,Mumbai,M Ward,317,323,2495.0,36711.0,2.15,0.609,25.0,0.0,10.5,0.694,True
PR-0052,upgrading,Mumbai,S Ward,723,269,3427.0,32912.0,2.08,0.801,27.0,0.0,32.4,0.674,True
PR-0053,in_situ_SRA,Kalyan,Kalyan West,732,269,2890.0,36213.0,1.78,0.683,27.0,14.0,12.8,0.509,True
PR-0054,upgrading,Thane,Thane West,659,350,3051.0,18019.0,2.46,0.621,35.0,12.0,6.2,0.611,True
PR-0055,in_situ_SRA,Thane,Thane West,2100,323,2746.0,66654.0,2.24,0.556,44.0,0.0,11.7,0.75,False
PR-0056,in_situ_SRA,Thane,Thane West,1085,269,3191.0,15754.0,3.33,0.314,32.0,12.0,10.0,0.556,False
PR-0057,in_situ_SRA,Thane,Thane West,1212,350,2588.0,69533.0,2.88,0.392,25.0,16.0,18.7,0.418,True
PR-0058,upgrading,Thane,Thane East,286,300,2801.0,37726.0,3.26,0.775,42.0,15.0,21.5,0.607,True
PR-0059,rental_housing,Thane,Thane East,779,300,2541.0,44947.0,1.59,0.271,42.0,10.0,9.1,0.855,False
PR-0060,upgrading,Mumbai,S Ward,1037,300,3078.0,55932.0,1.99,0.7,17.0,9.0,8.1,0.531,True
PR-0061,rental_housing,Mumbai,M Ward,242,350,2931.0,45909.0,2.08,0.708,39.0,0.0,9.7,0.43,False
PR-0062,upgrading,Mumbai,L Ward,1474,350,2176.0,28893.0,2.67,0.726,25.0,12.0,3.8,0.524,True
PR-0063,relocation,Thane,Thane West,1798,350,2288.0,60585.0,1.95,0.591,42.0,31.0,2.1,0.357,True
PR-0064,in_situ_SRA,Mumbai,S Ward,951,323,1850.0,45705.0,4.26,0.445,39.0,0.0,0.0,0.701,True
PR-0065,in_situ_SRA,Mumbai,S Ward,1507,400,3246.0,75346.0,3.28,0.501,44.0,0.0,11.5,0.525,True
PR-0066,rental_housing,Mumbai,M Ward,2394,300,2682.0,60357.0,1.95,0.584,45.0,14.0,23.1,0.439,False
PR-0067,in_situ_SRA,Mumbai,M Ward,2449,300,2608.0,15000.0,1.94,0.558,24.0,18.0,7.3,0.628,True
PR-0068,in_situ_SRA,Mumbai,M Ward,892,300,2645.0,55208.0,2.62,0.15,38.0,0.0,0.8,0.471,True
PR-0069,relocation,Mumbai,M Ward,830,350,2233.0,66347.0,1.93,0.512,48.0,17.0,1.8,0.729,True
PR-0070,upgrading,Thane,Thane East,2141,269,2079.0,21734.0,3.12,0.379,42.0,0.0,13.9,0.494,True
PR-0071,relocation,Thane,Thane West,1642,400,4260.0,40976.0,2.78,0.588,46.0,6.0,15.8,0.362,False
PR-0072,in_situ_SRA,Ambarnath,Ambarnath,1164,269,2776.0,48260.0,4.62,0.528,39.0,18.0,12.0,0.494,True
PR-0073,upgrading,Mumbai,M Ward,366,269,4370.0,24138.0,3.24,0.595,27.0,7.0,2.0,0.494,False
PR-0074,relocation,Kalyan,Kalyan West,2165,323,2774.0,37670.0,4.44,0.573,44.0,0.0,18.1,0.655,True
PR-0075,rental_housing,Ambarnath,Ambarnath,263,300,2179.0,25123.0,3.12,0.548,48.0,10.0,11.4,0.717,True
PR-0076,relocation,Mumbai,S Ward,2175,300,2611.0,49199.0,2.26,0.414,55.0,21.0,18.1,0.638,False
PR-0077,in_situ_SRA,Mumbai,M Ward,1365,323,1862.0,23533.0,3.41,0.373,27.0,11.0,10.1,0.718,True
PR-0078,in_situ_SRA,Thane,Thane West,2482,350,1983.0,61168.0,2.02,0.482,22.0,0.0,22.4,0.656,True
PR-0079,in_situ_SRA,Ulhasnagar,Ulhasnagar,568,400,2441.0,48908.0,2.59,0.395,33.0,4.0,20.2,0.578,False
PR-0080,in_situ_SRA,Mumbai,L Ward,1485,400,2940.0,73315.0,3.03,0.536,34.0,14.0,26.1,0.491,True
PR-0081,in_situ_SRA,Thane,Thane West,1480,323,2817.0,47181.0,2.3,0.784,37.0,11.0,10.2,0.722,True
PR-0082,upgrading,Mumbai,M Ward,2086,300,3593.0,49027.0,3.5,0.548,30.0,16.0,11.0,0.791,False
PR-0083,in_situ_SRA,Mumbai,M Ward,712,323,3489.0,49078.0,3.07,0.279,27.0,14.0,0.0,0.96,False
PR-0084,rental_housing,Mumbai,M Ward,840,350,3951.0,60407.0,1.23,0.776,42.0,13.0,4.0,0.364,True
PR-0085,rental_housing,Kalyan,Kalyan West,1503,350,1954.0,59863.0,2.55,0.365,41.0,21.0,15.0,0.249,False
PR-0086,upgrading,Kalyan,Kalyan East,1524,269,4002.0,63746.0,2.96,0.757,30.0,12.0,6.2,0.626,False
PR-0087,in_situ_SRA,Kalyan,Kalyan West,2466,323,2658.0,39799.0,2.22,0.872,35.0,14.0,11.4,0.623,True
PR-0088,relocation,Mumbai,S Ward,1782,323,2195.0,15000.0,4.29,0.573,42.0,2.0,27.1,0.694,False
PR-0089,upgrading,Thane,Thane East,364,350,3053.0,27749.0,2.4,0.634,33.0,18.0,7.6,0.69,True
PR-0090,in_situ_SRA,Mumbai,M Ward,399,400,3447.0,39284.0,2.93,0.818,41.0,11.0,22.0,0.512,True
PR-0091,relocation,Mumbai,M Ward,315,350,3090.0,42482.0,2.39,0.33,46.0,20.0,12.9,0.1,False
PR-0092,in_situ_SRA,Thane,Thane West,2098,323,2962.0,56917.0,3.4,0.559,37.0,3.0,1.3,0.461,True
PR-0093,rental_housing,Kalyan,Kalyan East,462,300,3265.0,38133.0,1.81,0.548,40.0,10.0,8.6,0.439,True
PR-0094,in_situ_SRA,Thane,Thane East,2181,323,2835.0,39533.0,3.08,0.316,56.0,14.0,0.0,0.653,True
PR-0095,upgrading,Mumbai,M Ward,1377,400,2908.0,48242.0,2.78,0.543,18.0,22.0,0.4,0.398,True
PR-0096,in_situ_SRA,Mumbai,M Ward,1347,400,3698.0,65727.0,2.99,0.423,45.0,16.0,9.3,0.795,True
PR-0097,in_situ_SRA,Mumbai,L Ward,2528,400,1926.0,39728.0,2.38,0.536,27.0,5.0,18.9,0.369,True
PR-0098,upgrading,Mumbai,S Ward,542,323,2498.0,71566.0,2.58,0.481,37.0,0.0,8.8,0.888,False
PR-0099,in_situ_SRA,Mumbai,M Ward,2108,400,3519.0,38452.0,2.74,0.549,43.0,13.0,18.0,0.715,True
PR-0100,upgrading,Thane,Thane East,1717,269,2772.0,50531.0,2.41,0.486,37.0,0.0,6.2,0.691,True
PR-0101,upgrading,Mumbai,M Ward,740,323,2257.0,22571.0,2.28,0.405,39.0,6.0,6.9,0.696,True
PR-0102,upgrading,Thane,Thane West,1882,269,2600.0,55382.0,4.56,0.424,32.0,6.0,8.5,0.912,True
PR-0103,in_situ_SRA,Mumbai,M Ward,314,300,2644.0,32412.0,1.7,0.501,16.0,11.0,5.4,0.905,False
PR-0104,relocation,Mumbai,L Ward,577,300,2696.0,30881.0,2.88,0.565,45.0,23.0,0.0,0.344,True
PR-0105,relocation,Ambarnath,Ambarnath,1963,323,1852.0,53223.0,1.21,0.467,42.0,15.0,18.3,0.788,False
PR-0106,in_situ_SRA,Thane,Thane West,1614,300,3410.0,57322.0,2.95,0.69,56.0,12.0,17.9,0.626,True
PR-0107,in_situ_SRA,Mumbai,L Ward,1185,350,2692.0,45132.0,2.84,0.199,25.0,13.0,16.8,0.705,True
PR-0108,upgrading,Mumbai,M Ward,829,323,3366.0,51072.0,2.31,0.718,27.0,22.0,7.3,0.924,True
PR-0109,in_situ_SRA,Mumbai,L Ward,2413,300,2276.0,54636.0,1.88,0.47,37.0,20.0,15.3,0.587,True
PR-0110,in_situ_SRA,Mumbai,L Ward,2198,400,2909.0,15000.0,1.94,0.445,44.0,20.0,3.7,0.66,False
PR-0111,in_situ_SRA,Kalyan,Kalyan West,821,300,2568.0,50479.0,1.68,0.329,35.0,14.0,15.1,0.673,True
PR-0112,upgrading,Thane,Thane East,370,300,2941.0,32944.0,2.56,0.72,43.0,15.0,3.9,0.707,True
PR-0113,in_situ_SRA,Ulhasnagar,Ulhasnagar,635,300,2711.0,63863.0,2.39,0.432,36.0,9.0,25.8,0.356,True
PR-0114,rental_housing,Mumbai,L Ward,82,269,2770.0,45836.0,1.75,0.452,45.0,0.0,21.7,0.574,False
PR-0115,relocation,Mumbai,M Ward,1092,323,2670.0,26553.0,2.29,0.635,23.0,21.0,9.4,0.466,False
PR-0116,in_situ_SRA,Mumbai,M Ward,178,350,2787.0,55314.0,2.69,0.514,37.0,9.0,19.5,0.745,True
PR-0117,in_situ_SRA,Mumbai,M Ward,2179,269,2798.0,46403.0,2.35,0.462,21.0,6.0,10.9,0.611,True
PR-0118,in_situ_SRA,Mumbai,M Ward,354,323,3345.0,50241.0,3.02,0.558,42.0,3.0,17.6,0.698,True
PR-0119,upgrading,Thane,Thane West,429,269,3420.0,40298.0,2.15,0.647,28.0,16.0,0.0,0.553,True
PR-0120,upgrading,Thane,Thane East,2313,300,2780.0,67494.0,2.16,0.364,40.0,2.0,8.9,0.597,False
PR-0121,in_situ_SRA,Mumbai,M Ward,1615,300,2937.0,66581.0,1.92,0.369,34.0,9.0,28.2,0.363,False
PR-0122,in_situ_SRA,Mumbai,L Ward,1701,350,3225.0,55725.0,1.84,0.694,34.0,0.0,7.4,0.443,True
PR-0123,rental_housing,Mumbai,L Ward,1447,269,2700.0,15000.0,2.52,0.547,47.0,4.0,0.0,0.487,True
PR-0124,upgrading,Mumbai,M Ward,2110,323,2821.0,61060.0,2.29,0.44,16.0,19.0,9.3,0.627,True
PR-0125,rental_housing,Mumbai,M Ward,148,350,3522.0,30929.0,1.82,0.579,52.0,23.0,12.0,0.278,False
PR-0126,in_situ_SRA,Mumbai,M Ward,2269,269,3035.0,19092.0,2.51,0.782,27.0,0.0,4.3,0.61,True
PR-0127,in_situ_SRA,Mumbai,L Ward,1764,269,2807.0,55806.0,2.37,0.493,29.0,22.0,11.9,0.795,False
PR-0128,relocation,Mumbai,M Ward,497,350,3077.0,58214.0,1.65,0.52,27.0,18.0,0.9,0.422,True
PR-0129,rental_housing,Thane,Thane West,556,323,2484.0,75960.0,3.04,0.807,43.0,29.0,22.2,0.496,True
PR-0130,upgrading,Mumbai,S Ward,275,350,3122.0,40969.0,2.2,0.183,53.0,18.0,10.2,0.423,False
PR-0131,in_situ_SRA,Mumbai,L Ward,1690,300,2673.0,46821.0,1.24,0.642,33.0,17.0,17.7,0.688,True
PR-0132,rental_housing,Mumbai,M Ward,1122,400,2431.0,23141.0,2.52,0.499,38.0,6.0,0.0,0.296,True
PR-0133,upgrading,Thane,Thane East,1863,323,2570.0,41135.0,1.2,0.371,29.0,10.0,6.9,0.36,True
PR-0134,in_situ_SRA,Thane,Thane East,2067,350,3411.0,50189.0,3.21,0.409,32.0,10.0,17.9,0.39,False
PR-0135,upgrading,Kalyan,Kalyan West,2596,350,2501.0,36955.0,2.89,0.722,40.0,7.0,16.6,0.764,True
PR-0136,in_situ_SRA,Mumbai,L Ward,1372,269,2784.0,61225.0,1.76,0.377,24.0,7.0,7.3,0.772,True
PR-0137,in_situ_SRA,Mumbai,M Ward,1425,300,2951.0,60636.0,3.1,0.539,35.0,13.0,10.8,0.263,False
PR-0138,in_situ_SRA,Ulhasnagar,Ulhasnagar,1092,300,3713.0,45881.0,2.43,0.664,31.0,26.0,12.8,0.695,True
PR-0139,rental_housing,Kalyan,Kalyan West,856,269,2840.0,18208.0,3.04,0.516,39.0,13.0,0.0,0.679,True
PR-0140,relocation,Mumbai,L Ward,602,400,2789.0,21677.0,3.52,0.555,23.0,7.0,0.0,0.48,True
PR-0141,in_situ_SRA,Thane,Thane East,214,350,1850.0,49503.0,3.92,0.594,43.0,14.0,6.9,0.761,True
PR-0142,upgrading,Kalyan,Kalyan East,1256,300,2478.0,45394.0,3.28,0.694,39.0,4.0,18.1,0.668,True
PR-0143,in_situ_SRA,Thane,Thane East,1394,300,3270.0,34357.0,2.9,0.261,34.0,13.0,9.5,0.628,True
PR-0144,in_situ_SRA,Mumbai,M Ward,692,350,1850.0,46060.0,1.48,0.523,33.0,7.0,9.5,0.96,True
PR-0145,upgrading,Mumbai,S Ward,1539,323,1850.0,57933.0,3.47,0.325,43.0,0.0,17.7,0.316,True
PR-0146,in_situ_SRA,Mumbai,S Ward,1345,300,3153.0,23974.0,1.83,0.533,32.0,3.0,9.1,0.432,True
PR-0147,in_situ_SRA,Thane,Thane West,1960,400,2071.0,44416.0,3.25,0.549,54.0,18.0,35.9,0.489,True
PR-0148,in_situ_SRA,Mumbai,M Ward,1228,323,2494.0,28835.0,2.6,0.511,29.0,1.0,15.2,0.446,True
PR-0149,upgrading,Kalyan,Kalyan East,1244,400,2453.0,42822.0,2.58,0.388,41.0,0.0,32.9,0.599,True
PR-0150,relocation,Thane,Thane East,2551,323,2558.0,68025.0,2.57,0.41,26.0,30.0,27.1,0.633,False
PR-0151,upgrading,Mumbai,M Ward,2215,350,2519.0,41389.0,2.54,0.318,39.0,11.0,11.3,0.96,True
PR-0152,relocation,Mumbai,S Ward,556,300,2292.0,56064.0,1.99,0.468,33.0,8.0,21.7,0.544,True
PR-0153,upgrading,Thane,Thane West,1518,350,2869.0,36324.0,3.2,0.482,36.0,8.0,23.0,0.678,True
PR-0154,in_situ_SRA,Mumbai,M Ward,1112,350,2939.0,41211.0,3.14,0.379,51.0,14.0,0.0,0.725,False
PR-0155,upgrading,Thane,Thane West,1767,323,2225.0,61811.0,2.24,0.575,28.0,8.0,20.6,0.518,False
PR-0156,rental_housing,Mumbai,M Ward,414,269,2949.0,57932.0,1.41,0.513,40.0,13.0,9.7,0.876,False
PR-0157,in_situ_SRA,Mumbai,M Ward,2368,269,2739.0,52264.0,2.52,0.672,37.0,9.0,0.0,0.459,True
PR-0158,upgrading,Thane,Thane West,102,350,2195.0,41886.0,1.42,0.591,50.0,11.0,2.4,0.685,True
PR-0159,upgrading,Kalyan,Kalyan West,2085,400,3441.0,61247.0,2.59,0.661,47.0,18.0,4.5,0.673,False
PR-0160,relocation,Thane,Thane West,1167,269,3172.0,37379.0,2.47,0.343,45.0,11.0,10.1,0.339,True
PR-0161,upgrading,Mumbai,L Ward,1945,323,3079.0,34937.0,2.53,0.198,24.0,12.0,18.2,0.47,True
PR-0162,in_situ_SRA,Mumbai,S Ward,379,323,4061.0,45201.0,2.41,0.784,47.0,9.0,17.2,0.576,False
PR-0163,upgrading,Thane,Thane East,1498,300,2579.0,42947.0,3.1,0.764,39.0,0.0,6.2,0.886,True
PR-0164,in_situ_SRA,Kalyan,Kalyan West,736,350,3106.0,45859.0,2.86,0.585,41.0,4.0,7.9,0.652,True
PR-0165,in_situ_SRA,Kalyan,Kalyan East,2057,400,3341.0,42893.0,2.74,0.276,34.0,8.0,11.3,0.361,True
PR-0166,upgrading,Mumbai,M Ward,1774,323,2915.0,86522.0,3.65,0.732,24.0,23.0,24.7,0.509,True
PR-0167,relocation,Mumbai,L Ward,362,400,3024.0,34735.0,3.71,0.438,27.0,12.0,5.0,0.446,True
PR-0168,upgrading,Thane,Thane East,815,400,1850.0,45661.0,1.41,0.538,23.0,4.0,0.0,0.68,True
PR-0169,in_situ_SRA,Mumbai,M Ward,550,300,1885.0,52152.0,2.55,0.653,16.0,13.0,21.9,0.632,True
PR-0170,in_situ_SRA,Kalyan,Kalyan West,527,400,2391.0,44311.0,3.9,0.398,49.0,14.0,20.6,0.563,False
PR-0171,in_situ_SRA,Thane,Thane East,120,269,1990.0,16167.0,4.65,0.608,20.0,8.0,6.2,0.896,False
PR-0172,upgrading,Mumbai,S Ward,2299,350,3219.0,30600.0,3.07,0.485,33.0,9.0,14.1,0.493,True
PR-0173,in_situ_SRA,Thane,Thane West,900,269,2554.0,34596.0,2.21,0.328,33.0,18.0,19.0,0.704,True
PR-0174,in_situ_SRA,Mumbai,M Ward,1152,300,2948.0,17970.0,2.32,0.587,48.0,3.0,22.4,0.725,True
PR-0175,in_situ_SRA,Kalyan,Kalyan West,1589,323,3532.0,29447.0,2.1,0.394,30.0,7.0,12.1,0.542,True
PR-0176,relocation,Ulhasnagar,Ulhasnagar,2267,350,2501.0,37816.0,1.66,0.9,42.0,7.0,26.5,0.663,False
PR-0177,in_situ_SRA,Thane,Thane East,2284,323,2356.0,36297.0,3.34,0.555,36.0,0.0,12.4,0.588,True
PR-0178,upgrading,Mumbai,M Ward,2108,350,2505.0,38710.0,4.11,0.612,45.0,0.0,1.0,0.723,True
PR-0179,relocation,Thane,Thane West,1098,269,3152.0,19834.0,2.81,0.512,45.0,7.0,8.2,0.651,True
PR-0180,upgrading,Mumbai,M Ward,160,350,2001.0,39597.0,2.49,0.433,49.0,0.0,34.0,0.583,True
PR-0181,upgrading,Thane,Thane East,809,269,2264.0,15000.0,3.32,0.644,34.0,6.0,0.0,0.858,True
PR-0182,relocation,Thane,Thane East,1903,269,2515.0,44689.0,3.19,0.421,53.0,11.0,21.8,0.338,True
PR-0183,relocation,Thane,Thane East,1833,350,4216.0,45071.0,3.21,0.599,41.0,17.0,0.0,0.54,True
PR-0184,upgrading,Kalyan,Kalyan West,99,323,2687.0,58988.0,3.17,0.758,39.0,20.0,0.0,0.584,True
PR-0185,rental_housing,Mumbai,S Ward,1508,350,3214.0,63817.0,2.83,0.749,42.0,5.0,9.9,0.297,True
PR-0186,relocation,Mumbai,M Ward,2242,300,2951.0,40329.0,1.51,0.415,31.0,11.0,12.4,0.582,True
PR-0187,upgrading,Thane,Thane East,335,269,2511.0,45701.0,3.11,0.365,21.0,5.0,20.3,0.829,False
PR-0188,rental_housing,Mumbai,M Ward,306,400,3210.0,48058.0,1.31,0.407,37.0,17.0,16.9,0.479,True
PR-0189,rental_housing,Mumbai,S Ward,1232,400,2929.0,57275.0,2.78,0.378,52.0,17.0,15.2,0.435,False
PR-0190,in_situ_SRA,Kalyan,Kalyan West,1468,269,2249.0,50033.0,2.72,0.605,35.0,4.0,10.7,0.534,True
PR-0191,in_situ_SRA,Kalyan,Kalyan West,111,323,2285.0,76084.0,3.93,0.15,31.0,3.0,15.6,0.79,True
PR-0192,in_situ_SRA,Kalyan,Kalyan East,1115,350,3274.0,30998.0,3.56,0.568,29.0,12.0,18.0,0.51,True
PR-0193,in_situ_SRA,Mumbai,S Ward,1536,300,2458.0,64767.0,2.11,0.311,18.0,0.0,6.4,0.499,True
PR-0194,relocation,Mumbai,L Ward,125,350,2679.0,62190.0,2.79,0.722,45.0,4.0,1.4,0.494,True
PR-0195,in_situ_SRA,Mumbai,L Ward,1915,400,3393.0,44675.0,2.42,0.619,47.0,10.0,18.0,0.677,True
PR-0196,rental_housing,Mumbai,M Ward,2040,300,2346.0,42312.0,3.11,0.756,36.0,6.0,1.7,0.875,False
PR-0197,in_situ_SRA,Mumbai,S Ward,2051,400,2238.0,31729.0,2.98,0.433,36.0,10.0,21.7,0.574,True
PR-0198,upgrading,Mumbai,S Ward,581,300,3223.0,50006.0,1.52,0.526,38.0,17.0,7.0,0.588,True
PR-0199,in_situ_SRA,Mumbai,M Ward,1971,300,2564.0,81886.0,3.0,0.394,46.0,12.0,18.6,0.507,True
PR-0200,relocation,Thane,Thane West,2596,350,2494.0,47366.0,2.7,0.472,50.0,14.0,16.5,0.368,True
PR-0201,in_situ_SRA,Thane,Thane West,2038,323,3499.0,62016.0,3.21,0.899,37.0,6.0,11.1,0.61,True
PR-0202,in_situ_SRA,Mumbai,M Ward,126,323,3542.0,27617.0,2.28,0.449,41.0,5.0,22.2,0.7,True
PR-0203,in_situ_SRA,Mumbai,M Ward,1266,300,3317.0,34951.0,2.65,0.634,48.0,13.0,27.4,0.538,True
PR-0204,relocation,Mumbai,M Ward,1880,323,2948.0,44390.0,2.76,0.483,40.0,9.0,7.1,0.534,True
PR-0205,relocation,Thane,Thane West,410,323,3213.0,65750.0,1.75,0.336,50.0,19.0,14.3,0.187,True
PR-0206,in_situ_SRA,Ambarnath,Ambarnath,1269,350,2769.0,43302.0,2.78,0.892,26.0,2.0,1.7,0.48,True
PR-0207,in_situ_SRA,Mumbai,L Ward,1256,400,2935.0,61602.0,2.56,0.667,39.0,1.0,0.0,0.637,True
PR-0208,in_situ_SRA,Thane,Thane East,771,400,2947.0,73439.0,2.43,0.734,46.0,7.0,25.7,0.341,False
PR-0209,upgrading,Mumbai,L Ward,1280,269,3038.0,34951.0,3.53,0.412,33.0,16.0,13.9,0.96,True
PR-0210,upgrading,Mumbai,L Ward,909,350,3190.0,36007.0,2.96,0.596,41.0,12.0,13.6,0.728,False
PR-0211,in_situ_SRA,Mumbai,M Ward,1010,323,1906.0,67326.0,2.95,0.38,30.0,10.0,23.4,0.713,False
PR-0212,upgrading,Thane,Thane West,1099,323,2737.0,62252.0,1.7,0.685,34.0,7.0,22.2,0.652,True
PR-0213,in_situ_SRA,Mumbai,L Ward,2175,350,2719.0,35687.0,2.26,0.559,23.0,8.0,24.6,0.246,True
PR-0214,upgrading,Mumbai,L Ward,587,269,2265.0,50171.0,3.26,0.423,27.0,12.0,20.2,0.725,True
PR-0215,rental_housing,Mumbai,M Ward,1339,300,2710.0,15000.0,1.69,0.577,50.0,7.0,25.9,0.535,True
PR-0216,in_situ_SRA,Mumbai,S Ward,892,300,2142.0,34022.0,2.91,0.504,18.0,19.0,0.0,0.918,False
PR-0217,relocation,Thane,Thane East,348,300,3405.0,34752.0,2.93,0.591,35.0,16.0,4.5,0.667,False
PR-0218,in_situ_SRA,Thane,Thane West,686,269,1850.0,32446.0,2.71,0.15,38.0,3.0,21.6,0.634,False
PR-0219,in_situ_SRA,Mumbai,M Ward,2458,400,2272.0,33492.0,3.05,0.355,39.0,11.0,17.8,0.752,True
PR-0220,in_situ_SRA,Mumbai,S Ward,1907,323,2513.0,55850.0,1.26,0.378,38.0,9.0,11.4,0.458,False
PR-0221,in_situ_SRA,Mumbai,M Ward,170,400,2143.0,32746.0,1.2,0.578,36.0,17.0,17.4,0.627,True
PR-0222,upgrading,Mumbai,L Ward,1280,269,2875.0,48806.0,2.86,0.657,38.0,0.0,0.0,0.515,True
PR-0223,in_situ_SRA,Thane,Thane West,1272,323,3206.0,48106.0,1.2,0.454,23.0,2.0,7.8,0.529,True
PR-0224,in_situ_SRA,Kalyan,Kalyan West,1911,350,2110.0,67994.0,3.41,0.552,27.0,13.0,11.4,0.679,True
PR-0225,in_situ_SRA,Mumbai,S Ward,1955,300,1886.0,82939.0,1.23,0.868,31.0,4.0,0.0,0.731,True
PR-0226,upgrading,Mumbai,L Ward,243,323,3173.0,25891.0,2.57,0.639,26.0,12.0,9.6,0.825,True
PR-0227,relocation,Thane,Thane West,107,400,2608.0,56112.0,2.95,0.327,45.0,1.0,18.3,0.422,True
PR-0228,upgrading,Mumbai,L Ward,1749,300,3101.0,66581.0,2.64,0.611,37.0,17.0,18.6,0.806,True
PR-0229,relocation,Mumbai,M Ward,1678,323,2985.0,47252.0,3.9,0.413,40.0,12.0,8.9,0.325,False
PR-0230,in_situ_SRA,Thane,Thane West,643,400,2312.0,39532.0,1.71,0.377,39.0,9.0,9.0,0.58,True
PR-0231,in_situ_SRA,Kalyan,Kalyan West,2569,269,2460.0,35448.0,2.79,0.292,34.0,0.0,0.0,0.352,True
PR-0232,upgrading,Thane,Thane West,2168,269,3341.0,54381.0,2.62,0.599,42.0,4.0,7.7,0.775,True
PR-0233,rental_housing,Mumbai,S Ward,2472,269,2021.0,17004.0,2.52,0.268,37.0,0.0,12.0,0.646,True
PR-0234,upgrading,Mumbai,M Ward,965,400,3493.0,27999.0,3.61,0.165,32.0,11.0,19.3,0.628,True
PR-0235,relocation,Kalyan,Kalyan West,1832,350,2472.0,73521.0,1.85,0.551,29.0,20.0,21.7,0.283,True
PR-0236,rental_housing,Thane,Thane West,1072,300,3288.0,49573.0,4.24,0.782,50.0,15.0,13.5,0.439,True
PR-0237,in_situ_SRA,Thane,Thane West,1293,300,3489.0,32696.0,2.7,0.381,26.0,10.0,2.3,0.768,False
PR-0238,relocation,Ambarnath,Ambarnath,1491,323,3088.0,36983.0,3.25,0.767,43.0,1.0,19.9,0.299,True
PR-0239,in_situ_SRA,Thane,Thane West,2123,400,3194.0,55136.0,2.4,0.566,34.0,3.0,13.3,0.59,False
PR-0240,relocation,Mumbai,S Ward,1804,323,2598.0,39842.0,2.89,0.411,33.0,4.0,15.6,0.509,True
PR-0241,upgrading,Thane,Thane West,1625,350,2610.0,27524.0,2.76,0.414,30.0,15.0,10.7,0.731,True
PR-0242,in_situ_SRA,Mumbai,M Ward,1654,350,2472.0,65252.0,2.14,0.746,35.0,14.0,4.5,0.693,True
PR-0243,relocation,Thane,Thane East,618,400,4500.0,42841.0,2.1,0.419,28.0,12.0,11.0,0.411,False
PR-0244,in_situ_SRA,Mumbai,M Ward,1437,269,3077.0,53921.0,2.38,0.393,38.0,1.0,15.1,0.36,True
PR-0245,in_situ_SRA,Mumbai,M Ward,2057,323,2933.0,38092.0,1.82,0.617,36.0,2.0,13.8,0.723,True
PR-0246,in_situ_SRA,Ambarnath,Ambarnath,419,300,3109.0,27538.0,3.83,0.371,34.0,7.0,35.9,0.533,False
PR-0247,in_situ_SRA,Thane,Thane West,731,323,3165.0,61501.0,2.88,0.528,41.0,16.0,26.0,0.522,True
PR-0248,in_situ_SRA,Mumbai,S Ward,1859,323,2928.0,76583.0,2.42,0.563,30.0,12.0,21.4,0.603,True
PR-0249,in_situ_SRA,Ambarnath,Ambarnath,2378,300,2876.0,33015.0,3.8,0.501,45.0,9.0,7.5,0.317,True
PR-0250,upgrading,Mumbai,M Ward,1077,269,2059.0,63868.0,2.69,0.509,24.0,9.0,16.0,0.651,True
PR-0251,in_situ_SRA,Thane,Thane West,2566,400,3702.0,48766.0,2.85,0.668,36.0,8.0,18.7,0.543,True
PR-0252,upgrading,Mumbai,L Ward,574,350,2685.0,30295.0,1.91,0.586,28.0,5.0,12.8,0.762,False
PR-0253,upgrading,Mumbai,M Ward,1675,323,2906.0,65592.0,2.26,0.531,32.0,0.0,13.6,0.405,True
PR-0254,relocation,Mumbai,S Ward,250,350,3047.0,47018.0,2.53,0.697,27.0,8.0,19.4,0.649,False
PR-0255,relocation,Thane,Thane East,1540,350,2680.0,82604.0,2.67,0.343,35.0,13.0,0.0,0.635,False
PR-0256,upgrading,Thane,Thane West,760,350,2214.0,36444.0,3.03,0.56,38.0,5.0,13.1,0.675,True
PR-0257,relocation,Mumbai,M Ward,855,269,2322.0,49801.0,2.43,0.722,53.0,18.0,16.7,0.478,True
PR-0258,in_situ_SRA,Mumbai,M Ward,1892,269,3413.0,51071.0,3.27,0.407,28.0,7.0,13.7,0.901,True
PR-0259,upgrading,Mumbai,L Ward,2083,400,2777.0,46325.0,2.05,0.433,34.0,13.0,6.9,0.273,True
PR-0260,relocation,Mumbai,L Ward,2215,323,3973.0,33212.0,2.55,0.51,52.0,0.0,20.0,0.707,False
PR-0261,in_situ_SRA,Kalyan,Kalyan East,2153,350,2085.0,34524.0,4.37,0.651,37.0,0.0,13.1,0.534,True
PR-0262,relocation,Mumbai,M Ward,1179,269,3119.0,51005.0,3.38,0.383,49.0,16.0,1.7,0.467,False
PR-0263,upgrading,Mumbai,M Ward,1941,400,2865.0,51017.0,3.34,0.355,40.0,7.0,26.0,0.922,True
PR-0264,rental_housing,Mumbai,M Ward,2016,300,2912.0,45365.0,1.68,0.672,40.0,25.0,6.7,0.415,True
PR-0265,upgrading,Thane,Thane West,2341,350,3364.0,41115.0,2.43,0.389,32.0,3.0,9.0,0.733,False
PR-0266,in_situ_SRA,Thane,Thane East,2086,269,3561.0,33245.0,3.18,0.326,33.0,8.0,8.5,0.767,True
PR-0267,in_situ_SRA,Mumbai,S Ward,1317,350,2688.0,46878.0,3.13,0.476,32.0,0.0,3.8,0.473,False
PR-0268,rental_housing,Mumbai,S Ward,1137,400,2404.0,26250.0,3.19,0.344,33.0,0.0,0.0,0.117,True
PR-0269,upgrading,Kalyan,Kalyan East,790,400,2614.0,62367.0,3.23,0.734,18.0,11.0,0.8,0.567,True
PR-0270,rental_housing,Mumbai,M Ward,677,400,2288.0,20394.0,3.19,0.502,47.0,0.0,8.8,0.907,True
PR-0271,upgrading,Mumbai,L Ward,1103,400,3347.0,38305.0,2.62,0.569,39.0,2.0,10.5,0.744,True
PR-0272,upgrading,Mumbai,M Ward,1910,300,3292.0,37507.0,2.51,0.578,39.0,1.0,16.1,0.759,False
PR-0273,in_situ_SRA,Mumbai,L Ward,1825,300,3121.0,32235.0,1.97,0.489,27.0,15.0,39.7,0.674,False
PR-0274,upgrading,Kalyan,Kalyan West,767,269,3380.0,70153.0,2.32,0.425,47.0,10.0,16.1,0.678,True
PR-0275,relocation,Mumbai,M Ward,394,323,1973.0,67910.0,1.96,0.881,44.0,15.0,14.3,0.711,False
PR-0276,relocation,Kalyan,Kalyan West,608,350,3035.0,44372.0,3.59,0.9,41.0,19.0,8.1,0.541,False
PR-0277,upgrading,Mumbai,L Ward,940,300,2284.0,72055.0,2.0,0.495,37.0,12.0,14.7,0.7,True
PR-0278,in_situ_SRA,Mumbai,M Ward,1693,400,3017.0,37806.0,3.04,0.62,29.0,19.0,3.7,0.627,False
PR-0279,upgrading,Mumbai,L Ward,440,323,2822.0,37350.0,2.08,0.507,28.0,2.0,16.8,0.91,True
PR-0280,relocation,Mumbai,M Ward,1304,300,3294.0,38330.0,1.5,0.549,33.0,5.0,3.9,0.322,True
PR-0281,upgrading,Thane,Thane East,2138,269,3838.0,57248.0,2.58,0.644,37.0,12.0,17.9,0.584,False
PR-0282,relocation,Mumbai,L Ward,1931,400,2252.0,36594.0,2.67,0.58,45.0,15.0,24.8,0.442,False
PR-0283,rental_housing,Thane,Thane East,1065,300,3141.0,60275.0,2.76,0.497,42.0,21.0,15.8,0.387,True
PR-0284,relocation,Thane,Thane West,1960,323,4010.0,49607.0,2.36,0.717,33.0,8.0,8.5,0.502,True
PR-0285,relocation,Mumbai,L Ward,966,350,2778.0,62573.0,1.47,0.29,31.0,16.0,24.2,0.504,False
PR-0286,upgrading,Thane,Thane West,1278,269,2464.0,50975.0,4.17,0.15,35.0,14.0,17.9,0.55,True
PR-0287,in_situ_SRA,Mumbai,M Ward,1012,300,2551.0,71655.0,2.51,0.401,24.0,14.0,22.2,0.874,True
PR-0288,upgrading,Mumbai,S Ward,2577,269,2224.0,40747.0,2.62,0.466,36.0,9.0,29.5,0.371,True
PR-0289,relocation,Ambarnath,Ambarnath,2507,300,3487.0,65813.0,2.01,0.538,34.0,2.0,0.0,0.472,False
PR-0290,in_situ_SRA,Thane,Thane West,404,350,3214.0,29143.0,1.88,0.26,29.0,11.0,21.4,0.518,True
PR-0291,relocation,Mumbai,L Ward,2340,323,2989.0,29132.0,2.15,0.346,51.0,21.0,16.2,0.175,True
PR-0292,in_situ_SRA,Mumbai,M Ward,1321,400,2555.0,48312.0,3.16,0.441,20.0,8.0,13.8,0.754,True
PR-0293,in_situ_SRA,Mumbai,L Ward,1327,269,2322.0,55741.0,3.03,0.295,51.0,2.0,0.0,0.847,True
PR-0294,upgrading,Ambarnath,Ambarnath,2256,350,3540.0,45600.0,2.87,0.292,38.0,4.0,7.8,0.272,True
PR-0295,in_situ_SRA,Kalyan,Kalyan West,1895,300,2644.0,38547.0,3.77,0.469,47.0,4.0,12.9,0.708,True
PR-0296,upgrading,Mumbai,M Ward,2318,300,2953.0,63050.0,1.26,0.619,35.0,0.0,23.7,0.622,True
PR-0297,upgrading,Ulhasnagar,Ulhasnagar,1956,350,1881.0,25867.0,1.46,0.263,24.0,17.0,11.6,0.403,True
PR-0298,relocation,Mumbai,M Ward,564,350,2807.0,41199.0,3.44,0.59,31.0,13.0,19.9,0.717,True
PR-0299,upgrading,Ulhasnagar,Ulhasnagar,576,300,2636.0,50459.0,1.97,0.669,39.0,10.0,14.7,0.431,True
PR-0300,upgrading,Mumbai,M Ward,453,350,2739.0,53926.0,3.53,0.58,40.0,9.0,16.1,0.752,True
PR-0301,relocation,Mumbai,M Ward,2229,350,2343.0,44900.0,2.18,0.454,44.0,8.0,9.4,0.65,True
PR-0302,upgrading,Kalyan,Kalyan West,2553,400,3675.0,18373.0,3.71,0.498,43.0,13.0,10.9,0.726,True
PR-0303,upgrading,Mumbai,M Ward,2415,300,2072.0,69307.0,2.48,0.727,33.0,10.0,6.3,0.683,True
PR-0304,in_situ_SRA,Kalyan,Kalyan West,1465,300,3223.0,50573.0,2.82,0.359,26.0,18.0,8.3,0.269,False
PR-0305,rental_housing,Thane,Thane West,1991,269,3086.0,59697.0,3.8,0.59,49.0,12.0,7.5,0.718,False
PR-0306,upgrading,Mumbai,L Ward,2210,323,2705.0,35162.0,2.69,0.512,28.0,7.0,17.0,0.815,True
PR-0307,in_situ_SRA,Ulhasnagar,Ulhasnagar,2359,400,3534.0,52490.0,3.05,0.428,46.0,20.0,27.6,0.754,True
PR-0308,upgrading,Ulhasnagar,Ulhasnagar,487,350,2750.0,35001.0,3.16,0.35,43.0,14.0,24.9,0.361,True
PR-0309,upgrading,Mumbai,M Ward,522,269,2342.0,16362.0,2.75,0.202,26.0,12.0,0.0,0.851,False
PR-0310,relocation,Ulhasnagar,Ulhasnagar,2337,300,2079.0,52590.0,3.34,0.616,51.0,7.0,19.8,0.613,True
PR-0311,in_situ_SRA,Ulhasnagar,Ulhasnagar,1019,269,2798.0,15591.0,1.28,0.575,46.0,0.0,0.0,0.858,True
PR-0312,in_situ_SRA,Mumbai,M Ward,229,300,2400.0,37448.0,3.93,0.556,32.0,6.0,19.5,0.572,False
PR-0313,rental_housing,Mumbai,M Ward,1763,350,3368.0,65464.0,2.51,0.235,31.0,13.0,23.6,0.857,True
PR-0314,upgrading,Ulhasnagar,Ulhasnagar,2378,269,3085.0,47204.0,2.11,0.481,27.0,16.0,7.5,0.857,True
PR-0315,in_situ_SRA,Mumbai,M Ward,1437,400,2982.0,21562.0,2.16,0.436,38.0,8.0,15.8,0.508,True
PR-0316,upgrading,Mumbai,S Ward,295,269,2915.0,52449.0,2.18,0.822,29.0,0.0,18.9,0.763,True
PR-0317,in_situ_SRA,Mumbai,M Ward,823,400,2414.0,65398.0,1.46,0.244,34.0,8.0,2.5,0.618,True
PR-0318,in_situ_SRA,Mumbai,M Ward,834,269,2818.0,75485.0,2.52,0.552,35.0,8.0,7.4,0.94,True
PR-0319,in_situ_SRA,Mumbai,S Ward,1841,400,2261.0,58066.0,2.09,0.375,36.0,10.0,8.6,0.669,True
PR-0320,relocation,Thane,Thane West,471,269,2242.0,36431.0,2.57,0.371,37.0,24.0,19.0,0.503,False
PR-0321,in_situ_SRA,Thane,Thane West,194,350,2865.0,55390.0,2.51,0.29,28.0,23.0,12.4,0.541,True
PR-0322,in_situ_SRA,Thane,Thane West,1967,300,2978.0,21299.0,1.71,0.64,46.0,21.0,9.8,0.688,True
PR-0323,upgrading,Mumbai,M Ward,1874,300,3158.0,50576.0,3.05,0.202,30.0,6.0,19.3,0.754,True
PR-0324,upgrading,Mumbai,L Ward,267,269,2059.0,66930.0,2.14,0.604,32.0,11.0,8.2,0.621,True
PR-0325,upgrading,Kalyan,Kalyan East,1165,323,3030.0,33771.0,3.2,0.602,38.0,7.0,5.8,0.474,True
PR-0326,in_situ_SRA,Mumbai,M Ward,606,350,2545.0,47184.0,2.9,0.744,16.0,14.0,13.1,0.476,True
PR-0327,upgrading,Thane,Thane West,2027,323,1850.0,42324.0,2.21,0.246,35.0,0.0,7.4,0.571,True
PR-0328,in_situ_SRA,Mumbai,M Ward,707,350,2775.0,19273.0,2.79,0.366,46.0,10.0,24.5,0.562,False
PR-0329,rental_housing,Mumbai,M Ward,1901,323,3206.0,41508.0,2.77,0.721,55.0,16.0,23.8,0.414,False
PR-0330,relocation,Mumbai,M Ward,628,400,2167.0,67374.0,2.17,0.424,45.0,11.0,10.4,0.41,False
PR-0331,in_situ_SRA,Mumbai,M Ward,1415,350,1945.0,79339.0,2.27,0.625,36.0,0.0,2.0,0.55,False
PR-0332,upgrading,Ambarnath,Ambarnath,1264,400,2822.0,75551.0,2.88,0.453,37.0,0.0,7.9,0.613,True
PR-0333,in_situ_SRA,Mumbai,L Ward,496,269,2657.0,17179.0,1.68,0.61,30.0,12.0,30.8,0.611,False
PR-0334,upgrading,Mumbai,L Ward,1269,400,3244.0,46565.0,2.81,0.489,42.0,19.0,33.6,0.566,True
PR-0335,in_situ_SRA,Mumbai,M Ward,879,300,2714.0,51879.0,1.72,0.636,32.0,16.0,28.2,0.639,True
PR-0336,in_situ_SRA,Thane,Thane West,1646,269,2736.0,49375.0,3.41,0.435,20.0,0.0,4.4,0.952,True
PR-0337,in_situ_SRA,Mumbai,L Ward,569,269,3252.0,32779.0,2.88,0.458,30.0,13.0,20.9,0.457,False
PR-0338,relocation,Mumbai,S Ward,2570,300,2490.0,21512.0,3.33,0.537,40.0,21.0,16.5,0.256,True
PR-0339,in_situ_SRA,Mumbai,S Ward,1484,350,3013.0,22385.0,3.82,0.537,37.0,12.0,24.3,0.274,True
PR-0340,upgrading,Thane,Thane West,1550,400,2557.0,38001.0,4.1,0.519,40.0,8.0,13.3,0.717,True
PR-0341,relocation,Mumbai,M Ward,523,323,3169.0,87859.0,3.16,0.422,48.0,20.0,5.0,0.72,True
PR-0342,upgrading,Mumbai,S Ward,622,350,2070.0,67639.0,3.34,0.549,32.0,7.0,31.8,0.56,False
PR-0343,relocation,Mumbai,S Ward,1052,323,2732.0,62778.0,2.59,0.497,32.0,13.0,4.3,0.433,False
PR-0344,relocation,Thane,Thane West,2137,323,2583.0,22624.0,2.93,0.423,39.0,18.0,15.1,0.386,False
PR-0345,in_situ_SRA,Mumbai,M Ward,347,300,2918.0,19357.0,1.92,0.42,37.0,5.0,4.8,0.561,True
PR-0346,upgrading,Mumbai,M Ward,1545,323,2940.0,46579.0,3.62,0.573,36.0,0.0,10.2,0.536,True
PR-0347,in_situ_SRA,Mumbai,S Ward,1392,300,2716.0,47653.0,2.96,0.616,40.0,8.0,22.3,0.548,True
PR-0348,in_situ_SRA,Mumbai,L Ward,1995,300,2384.0,43435.0,2.22,0.396,28.0,5.0,9.3,0.316,True
PR-0349,upgrading,Mumbai,M Ward,1414,400,2968.0,47923.0,3.14,0.558,25.0,9.0,23.8,0.384,True
PR-0350,in_situ_SRA,Mumbai,M Ward,2321,300,2409.0,33653.0,3.12,0.605,28.0,5.0,17.3,0.602,True
PR-0351,in_situ_SRA,Kalyan,Kalyan East,2298,300,2837.0,20691.0,2.18,0.566,32.0,5.0,3.1,0.27,False
PR-0352,rental_housing,Thane,Thane West,2164,323,2481.0,59181.0,2.22,0.406,27.0,23.0,23.9,0.396,True
PR-0353,in_situ_SRA,Kalyan,Kalyan East,1444,400,3111.0,47929.0,2.09,0.651,37.0,0.0,1.5,0.827,True
PR-0354,in_situ_SRA,Ambarnath,Ambarnath,1487,400,3081.0,47794.0,2.5,0.59,34.0,3.0,9.6,0.79,False
PR-0355,relocation,Mumbai,L Ward,342,323,4061.0,40126.0,1.8,0.326,33.0,22.0,21.6,0.284,False
PR-0356,upgrading,Mumbai,S Ward,1003,400,3063.0,38895.0,1.94,0.634,31.0,8.0,0.0,0.556,False
PR-0357,in_situ_SRA,Thane,Thane West,1383,350,1850.0,22270.0,3.35,0.488,41.0,0.0,4.6,0.511,False
PR-0358,in_situ_SRA,Mumbai,S Ward,624,269,3409.0,42187.0,3.28,0.702,30.0,0.0,8.3,0.463,True
PR-0359,relocation,Mumbai,M Ward,1579,400,2533.0,45522.0,2.53,0.46,40.0,10.0,12.6,0.351,True
PR-0360,upgrading,Thane,Thane West,2291,323,2768.0,37975.0,1.97,0.366,23.0,0.0,18.3,0.494,True
PR-0361,in_situ_SRA,Mumbai,S Ward,157,300,3626.0,47523.0,3.42,0.312,22.0,3.0,5.2,0.619,True
PR-0362,relocation,Thane,Thane West,773,323,3584.0,49077.0,2.71,0.582,54.0,11.0,14.3,0.587,True
PR-0363,upgrading,Thane,Thane West,709,323,2565.0,63423.0,1.23,0.447,24.0,5.0,2.0,0.561,True
PR-0364,upgrading,Thane,Thane West,796,350,3282.0,33699.0,2.43,0.558,40.0,8.0,3.2,0.517,True
PR-0365,relocation,Mumbai,M Ward,1846,300,2601.0,15000.0,3.71,0.266,51.0,3.0,10.8,0.588,True
PR-0366,in_situ_SRA,Kalyan,Kalyan East,2039,323,2796.0,40563.0,2.29,0.516,32.0,0.0,20.7,0.688,True
PR-0367,in_situ_SRA,Ulhasnagar,Ulhasnagar,384,323,2948.0,15758.0,2.39,0.57,38.0,18.0,6.9,0.52,True
PR-0368,upgrading,Mumbai,L Ward,1039,269,2828.0,48978.0,2.87,0.536,19.0,20.0,24.1,0.793,False
PR-0369,relocation,Mumbai,S Ward,2427,300,1953.0,51278.0,1.45,0.385,31.0,22.0,4.4,0.526,True
PR-0370,in_situ_SRA,Mumbai,S Ward,2535,400,3282.0,86091.0,3.52,0.603,20.0,0.0,0.1,0.724,True
PR-0371,upgrading,Mumbai,M Ward,731,400,3842.0,57036.0,2.2,0.637,16.0,6.0,15.6,0.496,False
PR-0372,in_situ_SRA,Thane,Thane East,2253,350,3284.0,64253.0,2.73,0.606,20.0,1.0,14.2,0.678,True
PR-0373,relocation,Mumbai,M Ward,518,350,3714.0,15000.0,2.24,0.9,47.0,14.0,23.6,0.868,False
PR-0374,in_situ_SRA,Mumbai,M Ward,2088,400,2619.0,51630.0,2.19,0.638,23.0,4.0,19.8,0.769,True
PR-0375,relocation,Ulhasnagar,Ulhasnagar,248,350,3190.0,27667.0,2.63,0.656,44.0,13.0,24.7,0.811,False
PR-0376,in_situ_SRA,Mumbai,L Ward,1614,400,2761.0,76383.0,3.53,0.584,26.0,9.0,17.5,0.268,True
PR-0377,in_situ_SRA,Ambarnath,Ambarnath,739,323,3262.0,15000.0,2.6,0.315,48.0,8.0,16.4,0.818,False
PR-0378,rental_housing,Kalyan,Kalyan West,1021,400,2631.0,49751.0,2.2,0.514,36.0,8.0,22.2,0.254,False
PR-0379,in_situ_SRA,Ulhasnagar,Ulhasnagar,1526,350,2993.0,41992.0,1.28,0.358,55.0,0.0,15.9,0.715,True
PR-0380,upgrading,Thane,Thane West,2089,269,3487.0,46724.0,3.26,0.724,32.0,11.0,4.9,0.427,False
PR-0381,upgrading,Thane,Thane West,2452,269,2917.0,31862.0,2.6,0.592,24.0,5.0,28.2,0.527,True
PR-0382,upgrading,Ulhasnagar,Ulhasnagar,891,269,2348.0,21633.0,2.5,0.755,32.0,0.0,11.1,0.637,True
PR-0383,in_situ_SRA,Kalyan,Kalyan West,1299,323,2845.0,17169.0,3.22,0.834,25.0,20.0,2.0,0.255,True
PR-0384,upgrading,Mumbai,S Ward,1169,400,2055.0,47088.0,2.63,0.641,41.0,0.0,10.8,0.587,True
PR-0385,upgrading,Mumbai,S Ward,766,350,3886.0,48392.0,1.99,0.434,30.0,7.0,15.5,0.626,True
PR-0386,relocation,Ulhasnagar,Ulhasnagar,1112,323,2819.0,65766.0,2.57,0.34,37.0,19.0,13.5,0.35,True
PR-0387,upgrading,Thane,Thane West,1589,350,2573.0,67980.0,2.14,0.538,33.0,2.0,5.1,0.75,True
PR-0388,in_situ_SRA,Mumbai,M Ward,2365,269,2527.0,45303.0,3.53,0.718,22.0,1.0,2.9,0.56,False
PR-0389,rental_housing,Mumbai,S Ward,1164,300,3791.0,61752.0,3.36,0.525,40.0,14.0,19.5,0.364,True
PR-0390,upgrading,Thane,Thane West,2011,300,1850.0,61755.0,3.0,0.833,32.0,0.0,0.0,0.884,True
PR-0391,in_situ_SRA,Kalyan,Kalyan East,610,269,2015.0,38730.0,4.19,0.804,27.0,19.0,13.9,0.499,True
PR-0392,upgrading,Mumbai,S Ward,1253,323,2825.0,33439.0,2.58,0.445,37.0,6.0,19.4,0.511,True
PR-0393,upgrading,Thane,Thane West,1740,350,2988.0,72382.0,2.11,0.218,17.0,5.0,15.7,0.46,True
PR-0394,in_situ_SRA,Thane,Thane West,477,400,3161.0,66117.0,3.59,0.524,47.0,4.0,15.3,0.751,False
PR-0395,upgrading,Mumbai,L Ward,1449,300,2331.0,53332.0,2.98,0.524,33.0,4.0,21.2,0.819,True
PR-0396,upgrading,Kalyan,Kalyan West,232,300,2578.0,30398.0,2.19,0.699,42.0,8.0,11.5,0.364,True
PR-0397,upgrading,Thane,Thane West,223,323,2788.0,38506.0,2.36,0.656,43.0,16.0,16.4,0.459,True
PR-0398,in_situ_SRA,Thane,Thane West,1268,300,3066.0,33099.0,2.52,0.519,48.0,11.0,6.2,0.667,True
PR-0399,in_situ_SRA,Mumbai,L Ward,1360,300,2370.0,56840.0,3.32,0.491,36.0,0.0,17.4,0.507,True
PR-0400,in_situ_SRA,Thane,Thane West,1078,350,2653.0,58313.0,2.18,0.605,49.0,6.0,18.9,0.633,True
