pocket_id,water_hours_per_day,pct_piped_water,water_quality_ph_tds_ecoli_flag,toilets_per_100_people,pct_open_defecation,sewer_connection_pct,pct_electrified_legal,outage_hours_per_week,waste_collection_frequency,drain_blockage_incidents,clinic_within_1km,anganwadi_within_500m
NS-0001,6.8,0.486,0.753,13.9,0.236,0.231,0.786,5.5,3.9,7.0,1.0,0.0
NS-0002,8.0,,0.0,23.2,0.179,0.542,0.807,4.4,4.3,1.0,0.0,1.0
NS-0003,6.8,0.621,0.364,18.0,0.136,0.509,0.89,7.0,6.5,9.0,0.0,0.0
NS-0004,8.4,0.453,0.495,25.8,0.193,0.366,0.802,8.1,4.4,5.0,0.0,0.0
NS-0005,7.8,0.628,0.393,23.5,0.139,0.764,0.777,7.6,2.8,2.0,0.0,0.0
NS-0006,6.1,0.441,0.489,15.3,0.231,0.374,0.794,3.6,4.5,1.0,0.0,0.0
NS-0007,4.9,0.66,0.321,20.6,0.167,0.586,0.88,7.1,6.2,,0.0,1.0
NS-0008,4.0,0.282,0.736,19.3,0.262,0.089,,11.9,4.3,9.0,0.0,0.0
NS-0009,4.9,0.542,0.035,23.0,0.182,0.367,0.843,,6.1,5.0,0.0,0.0
NS-0010,4.9,0.517,0.336,27.2,0.222,0.397,0.753,8.1,4.3,2.0,0.0,0.0
NS-0011,7.8,0.441,0.618,19.7,0.238,0.412,,8.2,5.4,5.0,1.0,1.0
NS-0012,4.9,0.391,,23.6,0.278,0.273,0.706,6.6,5.6,8.0,0.0,0.0
NS-0013,6.1,0.523,0.074,21.8,0.236,0.426,0.789,8.6,5.2,1.0,0.0,0.0
NS-0014,6.4,0.625,0.307,,0.229,0.581,0.792,7.8,5.9,6.0,0.0,0.0
NS-0015,5.0,0.417,0.507,15.1,0.268,0.293,0.713,5.0,5.0,4.0,1.0,1.0
NS-0016,5.5,0.248,0.0,19.0,,0.175,0.822,8.1,3.1,7.0,0.0,0.0
NS-0017,3.3,,0.434,13.1,0.201,0.13,,7.9,4.9,9.0,,1.0
NS-0018,5.8,0.532,0.114,26.4,0.212,0.499,0.869,5.5,5.0,3.0,0.0,1.0
NS-0019,5.2,0.398,0.829,18.1,0.266,0.272,0.761,6.0,3.9,6.0,,1.0
NS-0020,5.5,0.548,0.189,21.1,0.218,0.356,0.867,13.6,7.0,,0.0,0.0
NS-0021,3.7,0.471,0.327,18.3,0.22,0.5,0.779,7.5,5.1,5.0,0.0,0.0
NS-0022,7.3,0.398,0.316,20.7,0.238,0.376,0.639,0.1,6.6,5.0,0.0,0.0
NS-0023,3.9,0.487,0.466,19.9,0.238,0.429,0.758,10.5,4.7,6.0,1.0,0.0
NS-0024,6.6,0.622,0.384,11.6,0.219,0.406,0.852,3.7,4.7,5.0,1.0,0.0
NS-0025,3.5,0.589,,25.9,0.201,0.552,0.73,4.8,5.6,5.0,0.0,0.0
NS-0026,6.4,0.438,0.522,11.4,0.193,0.406,0.831,8.2,4.3,5.0,,0.0
NS-0027,6.5,0.567,0.743,21.1,0.201,0.501,0.697,11.7,,5.0,0.0,0.0
NS-0028,5.0,0.749,0.034,16.7,0.156,0.561,0.694,5.5,5.1,5.0,1.0,1.0
NS-0029,3.8,0.326,0.276,22.0,0.298,0.085,0.814,6.1,5.1,8.0,0.0,0.0
NS-0030,4.4,0.201,0.119,16.6,0.301,0.171,0.754,12.0,4.3,4.0,0.0,1.0
NS-0031,7.6,0.399,0.504,19.0,0.264,0.292,0.884,7.2,5.8,6.0,0.0,1.0
NS-0032,1.2,0.562,0.415,17.4,0.198,0.369,0.745,4.3,6.2,3.0,1.0,1.0
NS-0033,3.6,0.572,0.474,18.3,0.126,0.548,0.804,11.5,5.2,10.0,0.0,1.0
NS-0034,7.2,0.508,0.329,12.6,0.155,0.339,0.746,13.5,5.9,,0.0,1.0
NS-0035,4.6,0.448,0.526,20.1,0.268,0.266,0.774,9.2,3.7,10.0,0.0,1.0
NS-0036,8.2,0.936,0.597,23.0,0.086,0.924,0.904,2.9,4.3,1.0,0.0,
NS-0037,,0.671,0.403,16.6,0.228,0.355,0.749,4.1,3.6,4.0,1.0,1.0
NS-0038,3.6,0.525,0.287,22.6,0.208,0.462,0.825,9.0,4.0,7.0,,0.0
NS-0039,7.1,0.775,0.028,21.3,0.106,0.575,0.776,2.3,4.5,3.0,0.0,1.0
NS-0040,3.9,0.313,0.744,20.0,0.237,0.283,0.799,7.0,4.2,5.0,0.0,1.0
NS-0041,4.0,0.538,,13.9,0.146,0.434,0.757,5.7,5.5,8.0,0.0,0.0
NS-0042,2.4,0.512,0.476,22.7,0.219,0.58,0.8,8.3,5.5,2.0,0.0,1.0
NS-0043,5.6,0.511,0.361,25.6,0.257,0.4,0.747,3.8,4.2,7.0,0.0,1.0
NS-0044,7.2,0.778,0.012,20.4,0.158,0.767,0.78,6.2,4.8,3.0,0.0,0.0
NS-0045,4.6,0.39,0.387,15.6,0.28,0.324,0.787,14.4,3.7,6.0,0.0,0.0
NS-0046,5.6,0.546,0.384,11.6,0.152,0.624,0.745,2.9,4.4,5.0,1.0,0.0
NS-0047,8.7,0.619,0.362,25.1,0.22,0.513,0.844,8.6,4.8,7.0,0.0,0.0
NS-0048,6.9,0.239,0.723,15.7,0.326,0.201,0.818,11.0,4.3,5.0,0.0,1.0
NS-0049,6.2,0.619,0.393,28.0,0.196,0.495,0.822,8.7,3.5,3.0,,1.0
NS-0050,5.0,0.418,0.063,21.0,0.257,0.517,0.884,9.3,4.7,2.0,0.0,0.0
NS-0051,6.8,0.625,0.446,19.7,0.161,0.492,0.697,6.0,6.4,4.0,0.0,0.0
NS-0052,5.3,0.49,0.366,13.3,0.206,0.337,,5.4,3.9,5.0,0.0,1.0
NS-0053,5.6,0.562,0.389,21.8,0.214,0.505,0.766,5.8,4.9,7.0,0.0,0.0
NS-0054,,0.386,0.282,17.4,0.246,0.277,0.774,12.5,5.3,10.0,0.0,1.0
NS-0055,4.4,0.51,0.641,14.3,,0.398,0.835,4.4,4.4,7.0,0.0,0.0
NS-0056,4.4,0.484,0.369,21.2,0.21,0.412,0.797,9.7,4.3,5.0,0.0,1.0
NS-0057,6.3,0.586,0.134,22.9,0.131,0.527,0.71,2.0,5.8,5.0,1.0,1.0
NS-0058,5.0,0.484,0.196,17.9,0.285,0.233,0.723,4.0,6.2,6.0,0.0,0.0
NS-0059,6.0,0.471,,20.0,0.228,,0.819,8.3,4.4,4.0,0.0,1.0
NS-0060,1.5,0.379,0.219,20.6,,0.293,0.752,,3.3,4.0,,0.0
NS-0061,5.4,0.627,0.197,22.7,0.243,0.448,0.945,4.0,4.5,2.0,0.0,1.0
NS-0062,3.8,0.424,0.046,24.2,0.207,0.268,,7.0,4.6,,0.0,
NS-0063,,0.68,0.275,22.9,0.112,0.541,0.825,4.3,4.8,2.0,1.0,0.0
NS-0064,2.8,0.294,0.304,21.0,0.264,0.141,0.695,7.3,5.0,8.0,,1.0
NS-0065,4.8,0.512,0.1,13.5,0.266,0.234,0.778,6.1,4.7,7.0,0.0,0.0
NS-0066,4.2,0.649,,18.4,0.175,0.601,0.793,5.4,3.7,2.0,0.0,1.0
NS-0067,4.6,0.701,0.322,18.1,0.072,0.659,0.846,5.6,6.3,3.0,0.0,0.0
NS-0068,5.8,0.732,0.2,17.5,0.119,0.601,0.878,3.1,4.1,2.0,0.0,0.0
NS-0069,4.7,0.404,0.468,15.0,0.232,0.312,0.678,7.3,4.6,6.0,0.0,
NS-0070,7.7,0.587,0.593,20.3,0.233,0.496,0.784,9.4,4.2,,0.0,0.0
NS-0071,4.0,0.501,0.007,18.8,0.192,0.381,0.709,8.4,4.8,7.0,1.0,0.0
NS-0072,4.3,0.529,0.552,18.2,0.241,,0.962,7.9,5.0,3.0,1.0,0.0
NS-0073,3.8,0.418,0.508,25.2,0.23,0.392,0.823,7.4,5.3,10.0,0.0,1.0
NS-0074,5.5,0.531,0.33,20.4,0.191,,0.742,3.8,5.2,6.0,0.0,1.0
NS-0075,6.5,0.726,0.321,14.0,0.17,0.72,0.961,9.4,7.0,4.0,1.0,1.0
NS-0076,2.9,0.506,0.314,13.8,0.208,0.406,0.861,7.3,4.7,10.0,0.0,0.0
NS-0077,5.3,0.175,0.539,19.5,0.334,0.02,0.662,5.3,5.6,3.0,0.0,0.0
NS-0078,5.6,0.477,0.548,22.3,0.311,0.324,0.859,9.2,4.7,3.0,0.0,0.0
NS-0079,9.1,0.66,,22.7,0.155,0.464,0.787,6.7,5.4,3.0,0.0,0.0
NS-0080,3.9,0.548,0.283,21.3,0.211,0.369,0.725,7.9,4.5,3.0,0.0,1.0
NS-0081,2.3,0.419,0.217,16.6,,0.287,0.835,13.0,4.6,5.0,0.0,1.0
NS-0082,4.4,0.419,0.676,16.1,0.176,0.479,0.791,5.9,5.7,7.0,1.0,0.0
NS-0083,3.4,0.471,0.281,15.7,0.246,0.372,0.902,5.1,3.6,4.0,0.0,0.0
NS-0084,2.3,0.364,0.432,16.2,0.231,0.136,0.757,9.9,5.1,6.0,0.0,0.0
NS-0085,7.1,0.604,0.0,22.7,0.211,0.729,0.734,6.1,4.8,1.0,0.0,0.0
NS-0086,4.7,0.546,0.0,16.2,0.172,0.548,0.811,6.1,5.5,3.0,0.0,0.0
NS-0087,6.3,0.384,0.246,17.0,0.269,0.408,0.716,10.1,5.1,3.0,1.0,0.0
NS-0088,7.7,0.675,0.275,23.5,0.156,0.495,1.0,2.6,5.1,3.0,0.0,1.0
NS-0089,8.8,0.533,0.354,22.5,0.215,0.519,0.866,6.8,7.0,3.0,1.0,0.0
NS-0090,7.6,0.759,0.059,23.2,0.065,0.836,0.791,1.4,6.2,2.0,1.0,1.0
NS-0091,8.2,0.466,0.112,19.5,0.202,0.27,0.838,4.2,5.2,1.0,0.0,0.0
NS-0092,1.4,0.427,,10.9,0.242,0.388,0.805,7.4,5.2,,0.0,0.0
NS-0093,7.3,0.598,0.177,21.1,0.101,0.476,0.848,10.0,6.1,6.0,0.0,0.0
NS-0094,3.9,0.37,0.574,18.6,0.191,0.284,,4.1,3.7,10.0,1.0,0.0
NS-0095,6.9,0.536,,16.2,0.244,0.437,0.761,9.8,4.9,6.0,0.0,1.0
NS-0096,5.3,0.362,0.392,24.1,0.292,0.145,0.746,8.3,5.1,3.0,0.0,1.0
NS-0097,3.9,0.358,0.0,23.4,0.259,0.259,0.741,6.5,3.3,5.0,0.0,0.0
NS-0098,2.8,,0.584,,0.229,0.17,,9.3,4.7,8.0,0.0,0.0
NS-0099,6.2,0.76,0.165,18.6,0.177,0.782,0.805,8.6,5.9,4.0,0.0,1.0
NS-0100,3.6,0.456,0.525,21.9,0.251,0.404,0.772,8.5,,4.0,0.0,0.0
NS-0101,8.9,0.571,0.417,17.9,0.164,0.342,0.897,3.2,5.3,7.0,0.0,0.0
NS-0102,5.4,0.677,0.143,17.9,0.203,0.538,0.766,0.1,6.7,4.0,1.0,0.0
NS-0103,7.1,0.647,0.213,27.1,0.14,0.635,0.806,12.0,6.2,,0.0,0.0
NS-0104,5.7,0.411,0.315,22.1,0.237,0.207,0.888,2.6,4.3,0.0,1.0,1.0
NS-0105,6.3,0.716,0.424,14.4,0.124,0.678,0.719,10.1,5.1,4.0,0.0,1.0
NS-0106,4.7,0.446,0.459,12.6,0.252,0.548,0.671,,,2.0,0.0,1.0
NS-0107,6.2,0.644,0.138,22.9,0.239,0.334,0.843,6.2,6.0,3.0,0.0,0.0
NS-0108,5.5,0.524,0.441,20.1,0.243,0.442,0.747,7.0,5.9,5.0,0.0,0.0
NS-0109,2.4,0.293,0.481,14.4,0.29,0.24,0.637,10.4,4.2,3.0,,1.0
NS-0110,5.3,0.591,0.711,15.9,,0.416,0.766,2.5,5.7,14.0,0.0,1.0
NS-0111,6.7,0.766,0.221,17.4,0.08,0.644,0.758,9.4,4.5,5.0,1.0,0.0
NS-0112,6.0,0.4,0.342,18.9,0.26,0.339,0.766,5.2,,9.0,0.0,
NS-0113,3.4,0.448,0.557,18.5,0.207,0.532,0.726,6.4,4.1,6.0,0.0,0.0
NS-0114,6.2,0.325,0.28,,0.233,0.081,0.729,11.0,4.0,4.0,0.0,0.0
NS-0115,4.4,0.494,,16.3,0.252,0.303,0.723,4.3,4.4,5.0,1.0,1.0
NS-0116,5.7,0.532,0.577,19.7,0.225,0.425,0.737,8.4,4.0,7.0,0.0,1.0
NS-0117,8.2,0.472,0.13,,0.213,0.401,0.6,6.7,5.8,3.0,,1.0
NS-0118,6.8,0.441,0.283,21.0,0.306,0.367,0.817,0.9,4.0,9.0,0.0,1.0
NS-0119,4.8,0.57,0.365,16.2,0.157,0.462,0.794,7.2,3.5,5.0,1.0,1.0
NS-0120,7.8,0.6,0.0,27.4,0.171,0.543,0.767,4.4,5.5,1.0,1.0,0.0
NS-0121,4.3,0.216,0.412,22.4,0.274,0.061,0.749,9.4,3.7,4.0,0.0,1.0
NS-0122,4.9,0.44,0.173,23.7,0.231,0.404,,,,3.0,0.0,1.0
NS-0123,4.0,0.227,0.221,23.6,0.374,0.097,0.689,6.7,3.7,,0.0,0.0
NS-0124,4.0,0.665,0.561,16.1,0.16,0.538,0.685,11.1,4.6,5.0,0.0,0.0
NS-0125,5.2,0.472,0.336,19.8,0.232,0.361,0.783,11.3,4.8,1.0,0.0,0.0
NS-0126,,0.444,0.472,18.6,0.233,0.367,0.632,9.2,3.2,6.0,0.0,0.0
NS-0127,4.3,0.439,0.527,17.4,0.234,0.328,,4.7,5.1,4.0,1.0,1.0
NS-0128,7.1,0.641,0.0,24.3,0.241,0.531,0.731,4.7,4.0,2.0,0.0,0.0
NS-0129,2.6,0.435,0.537,17.7,0.188,0.35,0.723,11.3,5.7,7.0,1.0,1.0
NS-0130,5.9,0.615,0.224,18.0,0.2,0.6,0.68,7.0,5.8,2.0,1.0,0.0
NS-0131,4.9,0.299,0.241,20.1,0.269,0.047,0.798,7.3,4.2,4.0,0.0,1.0
NS-0132,3.3,0.378,0.815,17.6,0.267,0.175,0.654,6.6,4.7,9.0,1.0,0.0
NS-0133,4.7,0.278,0.44,22.7,0.266,0.048,0.872,8.3,5.0,8.0,0.0,0.0
NS-0134,3.5,0.295,0.578,10.1,0.277,0.264,0.672,12.7,4.8,,,1.0
NS-0135,4.1,0.469,0.422,13.7,0.261,0.286,0.786,13.9,,8.0,0.0,0.0
NS-0136,4.9,0.359,0.238,14.3,0.242,0.3,0.836,10.5,5.1,7.0,1.0,0.0
NS-0137,5.8,0.418,0.293,22.7,0.285,0.471,0.74,6.2,7.0,5.0,0.0,0.0
NS-0138,3.5,0.429,0.374,12.3,0.291,0.231,,,4.9,6.0,0.0,1.0
NS-0139,6.1,0.38,0.61,21.8,0.263,0.2,0.88,8.4,,3.0,1.0,0.0
NS-0140,2.4,0.322,0.523,20.4,0.236,0.164,0.685,7.6,5.8,6.0,1.0,1.0
NS-0141,6.4,0.427,0.385,17.6,0.245,0.358,0.83,8.6,5.8,3.0,0.0,0.0
NS-0142,5.4,0.566,0.0,25.6,0.13,0.594,0.855,2.4,3.7,2.0,0.0,1.0
NS-0143,5.4,0.307,0.757,18.3,0.333,0.264,0.794,7.8,3.4,8.0,0.0,
NS-0144,9.2,0.773,0.231,,0.19,0.533,0.778,4.8,5.1,2.0,0.0,0.0
NS-0145,6.9,0.676,0.275,18.7,0.202,0.61,0.852,4.0,3.7,4.0,0.0,0.0
NS-0146,4.7,0.356,0.703,14.4,0.224,0.166,0.744,6.9,6.7,9.0,0.0,0.0
NS-0147,5.6,0.509,0.395,9.4,0.218,0.366,0.836,8.2,5.1,3.0,1.0,1.0
NS-0148,,0.459,0.499,24.3,0.232,0.216,0.793,4.0,4.3,5.0,0.0,1.0
NS-0149,8.3,0.737,0.204,25.3,0.152,0.652,1.0,2.7,5.3,2.0,0.0,
NS-0150,,0.295,0.741,16.2,0.29,0.283,0.769,8.3,4.5,7.0,1.0,1.0
NS-0151,8.0,0.516,0.347,20.8,0.198,0.38,,,4.2,2.0,0.0,0.0
NS-0152,3.6,0.543,0.205,15.8,0.245,0.459,0.653,,3.8,9.0,0.0,0.0
NS-0153,7.0,0.432,0.67,18.9,0.241,0.369,0.995,10.3,3.4,4.0,0.0,1.0
NS-0154,7.9,0.685,0.288,18.3,0.131,0.637,0.883,5.8,5.0,5.0,0.0,0.0
NS-0155,6.1,0.376,0.292,20.4,0.236,0.21,0.763,10.9,5.9,5.0,0.0,0.0
NS-0156,5.2,0.422,0.457,21.6,0.259,0.404,0.711,7.7,5.2,6.0,0.0,
NS-0157,6.7,0.463,0.71,16.2,0.21,0.395,0.839,7.8,4.2,7.0,,1.0
NS-0158,2.3,0.265,0.481,23.0,0.314,0.336,0.788,7.0,6.2,7.0,0.0,0.0
NS-0159,1.5,0.234,0.341,,,0.109,0.726,12.8,3.9,5.0,0.0,1.0
NS-0160,7.4,0.726,0.47,11.8,0.108,0.648,0.795,10.1,4.3,6.0,1.0,1.0
NS-0161,4.9,0.384,0.0,19.0,0.286,0.401,0.827,8.0,4.3,,1.0,0.0
NS-0162,7.5,0.935,0.341,29.4,0.078,0.813,0.847,5.4,6.1,1.0,0.0,0.0
NS-0163,7.6,0.575,0.244,16.8,0.263,0.591,0.649,10.4,5.4,5.0,0.0,0.0
NS-0164,4.7,0.361,0.128,22.2,0.221,0.13,,6.1,6.3,7.0,0.0,0.0
NS-0165,5.1,0.386,0.499,23.1,0.226,0.212,0.882,8.9,4.4,7.0,0.0,1.0
NS-0166,7.0,0.589,0.365,19.6,0.124,0.483,0.792,10.1,5.9,0.0,0.0,0.0
NS-0167,6.6,0.548,0.423,25.6,0.163,0.485,0.71,10.1,5.9,4.0,0.0,0.0
NS-0168,4.4,0.64,0.379,18.0,0.156,0.409,0.651,10.2,2.8,1.0,,0.0
NS-0169,2.0,,0.162,14.4,0.165,0.332,0.685,11.3,4.7,3.0,0.0,0.0
NS-0170,,0.371,0.437,23.7,0.186,0.219,0.861,3.8,5.5,6.0,0.0,0.0
NS-0171,4.5,0.242,0.415,15.0,0.303,0.117,0.757,6.2,3.3,5.0,1.0,0.0
NS-0172,7.4,0.546,0.336,17.9,0.194,,0.879,3.5,5.4,2.0,0.0,1.0
NS-0173,7.0,0.621,0.495,15.9,0.138,0.471,0.823,9.0,6.8,6.0,0.0,0.0
NS-0174,3.2,0.737,,14.9,0.127,0.679,0.836,4.6,4.7,2.0,0.0,0.0
NS-0175,6.8,0.437,0.354,15.7,0.236,0.42,0.77,7.8,5.4,3.0,0.0,1.0
NS-0176,5.1,0.492,0.212,16.5,0.216,0.343,0.881,8.2,4.7,9.0,0.0,0.0
NS-0177,5.7,,0.407,22.1,0.273,0.33,0.839,1.6,4.9,7.0,0.0,1.0
NS-0178,4.0,0.524,0.26,16.6,0.162,0.232,0.728,6.9,5.2,4.0,0.0,0.0
NS-0179,7.7,0.63,0.431,,0.128,0.552,0.864,5.2,4.9,6.0,0.0,0.0
NS-0180,6.0,,0.399,9.7,,0.307,0.681,13.6,4.6,8.0,0.0,0.0
NS-0181,3.8,0.551,0.583,15.9,0.239,0.419,,4.8,2.2,3.0,0.0,1.0
NS-0182,5.8,0.546,0.215,14.5,0.159,0.169,0.812,0.1,3.4,3.0,1.0,0.0
NS-0183,4.8,0.511,0.236,,0.242,0.358,0.796,7.1,5.5,6.0,0.0,1.0
NS-0184,7.9,0.601,,19.2,0.191,0.646,0.856,5.9,6.9,0.0,1.0,1.0
NS-0185,,,0.524,20.0,0.159,,0.723,10.2,5.3,6.0,0.0,0.0
NS-0186,7.4,0.562,0.727,23.9,0.208,0.578,0.678,6.3,4.9,4.0,0.0,0.0
NS-0187,4.5,0.405,0.0,22.9,0.245,0.273,,7.0,5.5,6.0,0.0,1.0
NS-0188,8.7,0.453,0.464,25.6,0.254,0.263,0.866,7.1,5.9,1.0,0.0,1.0
NS-0189,6.2,0.527,0.808,23.8,0.203,0.414,0.803,12.8,5.0,8.0,1.0,0.0
NS-0190,5.0,0.256,0.238,17.6,0.343,0.242,0.531,8.8,5.7,8.0,0.0,
NS-0191,8.4,0.71,0.409,16.0,0.166,0.592,0.988,3.1,6.9,2.0,0.0,1.0
NS-0192,4.6,0.5,0.212,14.9,0.163,0.391,0.722,,4.8,9.0,0.0,0.0
NS-0193,6.7,0.549,0.164,25.4,0.179,0.455,0.846,9.7,6.6,3.0,0.0,1.0
NS-0194,,0.435,0.476,27.3,0.198,0.476,0.867,13.9,6.0,2.0,0.0,
NS-0195,1.1,0.22,0.594,10.3,0.308,0.023,0.781,12.7,3.3,7.0,1.0,0.0
NS-0196,4.4,0.496,0.055,6.3,0.238,0.491,0.615,11.1,4.7,3.0,1.0,1.0
NS-0197,2.8,0.258,0.414,19.1,0.278,0.02,0.512,15.6,4.1,3.0,0.0,1.0
NS-0198,6.1,0.631,0.235,13.0,0.169,0.54,0.761,7.6,4.7,7.0,1.0,0.0
NS-0199,4.4,0.307,0.0,,0.241,0.086,0.73,9.1,6.3,7.0,0.0,0.0
NS-0200,5.0,,0.486,16.6,0.222,0.405,0.757,3.4,5.8,6.0,0.0,1.0
NS-0201,3.7,0.79,0.265,24.6,0.177,,0.854,11.2,4.3,1.0,,0.0
NS-0202,4.7,0.361,0.213,22.7,0.231,0.287,0.81,0.7,3.8,6.0,0.0,1.0
NS-0203,6.8,0.528,0.551,22.8,0.243,0.379,0.812,6.8,6.3,7.0,0.0,1.0
NS-0204,7.0,0.612,0.628,,0.2,0.46,0.877,9.7,4.2,1.0,0.0,1.0
NS-0205,5.6,0.512,0.296,21.5,0.247,,0.724,12.3,4.6,6.0,0.0,0.0
NS-0206,4.8,0.46,0.371,22.4,,0.343,0.799,3.1,5.3,13.0,0.0,1.0
NS-0207,5.9,0.325,0.347,17.1,0.267,0.345,0.76,7.4,4.1,5.0,0.0,1.0
NS-0208,,0.387,0.478,,0.227,0.277,0.859,,5.5,10.0,1.0,0.0
NS-0209,5.4,0.517,0.327,22.4,0.193,0.5,0.824,9.6,5.6,9.0,0.0,0.0
NS-0210,7.8,0.464,0.0,21.1,0.193,0.356,0.753,0.1,5.7,4.0,0.0,0.0
NS-0211,8.8,0.598,0.326,,0.145,0.399,0.758,9.4,4.3,2.0,0.0,1.0
NS-0212,1.6,0.46,0.296,,0.238,0.291,0.695,10.5,4.7,7.0,0.0,1.0
NS-0213,9.2,0.577,0.133,19.6,0.171,0.472,0.819,5.1,6.1,0.0,0.0,0.0
NS-0214,4.2,0.416,0.457,18.4,0.211,0.227,0.667,16.8,4.0,8.0,0.0,1.0
NS-0215,1.9,0.419,0.0,14.7,0.24,0.295,0.679,,3.8,4.0,,0.0
NS-0216,5.0,0.497,0.248,11.4,0.242,0.296,0.806,5.9,7.0,3.0,0.0,0.0
NS-0217,6.2,0.434,0.968,16.1,0.273,0.263,0.617,7.9,5.1,8.0,0.0,1.0
NS-0218,6.0,0.602,,17.5,0.206,0.368,0.808,6.6,5.4,8.0,,0.0
NS-0219,2.4,0.316,0.594,10.9,0.238,0.196,0.816,9.5,,4.0,1.0,1.0
NS-0220,8.3,0.525,0.086,20.4,0.133,0.376,0.864,13.1,4.6,3.0,1.0,0.0
NS-0221,4.9,0.316,0.615,19.1,0.217,0.175,,8.3,5.8,12.0,0.0,0.0
NS-0222,8.0,0.582,0.477,19.3,0.291,0.411,0.842,6.1,5.3,1.0,0.0,1.0
NS-0223,4.7,0.292,0.302,18.2,0.251,0.307,0.848,13.0,4.0,2.0,0.0,0.0
NS-0224,4.2,0.596,0.473,11.1,0.2,,0.787,6.6,4.7,4.0,0.0,1.0
NS-0225,6.9,0.639,0.247,19.9,,0.508,0.836,8.3,5.4,2.0,0.0,0.0
NS-0226,7.6,0.405,0.542,11.1,0.312,0.274,0.647,17.8,5.1,1.0,0.0,0.0
NS-0227,5.0,0.485,0.442,18.4,0.219,0.399,0.7,9.2,5.6,4.0,0.0,0.0
NS-0228,,0.313,0.497,21.2,0.294,0.151,0.761,12.6,4.7,9.0,1.0,0.0
NS-0229,4.1,0.336,0.328,15.8,0.317,0.129,0.796,10.6,5.1,6.0,1.0,0.0
NS-0230,4.1,0.428,0.868,15.3,0.226,0.363,0.805,6.5,4.2,10.0,0.0,0.0
NS-0231,7.0,0.72,0.605,25.7,0.202,0.55,0.87,5.5,6.2,,0.0,1.0
NS-0232,4.2,0.507,0.837,17.9,0.211,0.452,0.933,7.3,5.9,5.0,0.0,0.0
NS-0233,5.9,0.586,0.229,21.8,0.136,0.38,0.762,6.5,3.5,3.0,1.0,1.0
NS-0234,3.5,0.565,0.547,13.7,0.209,0.54,0.888,5.6,4.7,4.0,0.0,1.0
NS-0235,4.2,0.362,0.443,21.2,0.247,0.332,0.795,4.4,2.9,4.0,0.0,1.0
NS-0236,3.8,0.56,0.536,22.5,0.192,,0.896,6.1,6.1,6.0,0.0,0.0
NS-0237,5.7,0.432,0.523,15.7,0.195,0.348,0.721,4.5,,5.0,0.0,0.0
NS-0238,7.3,0.628,0.088,28.9,0.189,0.424,0.757,5.0,3.7,4.0,0.0,0.0
NS-0239,6.0,0.815,0.66,21.5,0.093,0.76,0.759,7.7,4.4,2.0,0.0,0.0
NS-0240,6.8,0.431,0.234,18.8,0.183,0.473,0.77,7.5,5.5,4.0,0.0,1.0
NS-0241,3.7,0.434,0.505,28.2,0.217,0.29,0.708,5.2,4.9,7.0,1.0,0.0
NS-0242,,0.425,0.491,19.1,0.231,0.241,0.647,7.1,5.8,3.0,0.0,1.0
NS-0243,4.9,0.597,0.448,19.4,0.108,0.398,0.766,9.5,3.4,3.0,0.0,0.0
NS-0244,7.2,,0.469,17.9,0.109,0.707,0.773,8.5,,6.0,0.0,1.0
NS-0245,8.0,0.728,0.342,16.8,0.146,0.656,0.696,9.5,5.2,4.0,0.0,1.0
NS-0246,5.2,0.617,0.602,18.3,0.153,0.566,0.633,9.5,4.7,8.0,1.0,1.0
NS-0247,8.0,0.326,0.792,18.2,0.254,0.306,0.733,5.4,5.2,,0.0,1.0
NS-0248,3.7,0.512,0.469,,0.155,0.387,0.634,7.7,3.2,7.0,1.0,1.0
NS-0249,7.0,0.351,0.424,13.6,0.254,0.275,0.798,11.6,5.2,6.0,0.0,0.0
NS-0250,6.2,0.447,0.297,19.7,,0.45,0.971,0.6,6.4,2.0,0.0,0.0
NS-0251,2.3,0.433,0.496,13.5,0.209,0.205,0.702,8.3,3.8,10.0,1.0,
NS-0252,5.8,0.333,0.339,16.6,0.214,,0.728,6.6,5.8,8.0,1.0,1.0
NS-0253,4.9,0.502,0.383,19.5,0.247,0.388,0.765,5.0,3.4,10.0,0.0,0.0
NS-0254,,0.595,0.233,24.6,0.177,0.538,0.801,9.9,,,0.0,0.0
NS-0255,2.2,0.341,0.435,22.0,0.258,0.35,0.687,8.8,3.7,7.0,0.0,0.0
NS-0256,5.6,0.6,0.417,19.9,0.154,0.501,0.912,6.6,4.5,7.0,0.0,0.0
NS-0257,4.4,0.485,0.479,21.5,0.224,0.356,0.652,5.9,4.4,,0.0,0.0
NS-0258,5.6,0.507,0.595,18.0,0.217,0.473,0.849,,3.9,6.0,0.0,0.0
NS-0259,7.6,0.604,0.117,14.7,0.152,0.53,0.856,0.7,6.6,2.0,0.0,1.0
NS-0260,0.5,0.374,0.569,,0.247,0.319,0.751,5.9,3.7,10.0,0.0,
NS-0261,7.5,0.47,0.342,14.1,0.225,0.333,0.705,4.5,5.5,3.0,0.0,1.0
NS-0262,4.8,0.57,0.321,18.0,0.179,,0.788,5.4,4.8,6.0,0.0,1.0
NS-0263,5.2,0.345,0.208,12.8,0.318,0.258,0.693,11.1,4.9,6.0,0.0,0.0
NS-0264,5.3,0.419,0.444,20.6,0.205,0.244,0.752,11.8,6.0,2.0,0.0,
NS-0265,5.2,0.535,0.034,19.7,0.162,0.548,0.875,3.6,,1.0,0.0,1.0
NS-0266,4.8,0.364,0.635,14.3,0.193,0.381,0.786,13.2,4.3,2.0,0.0,0.0
NS-0267,7.1,0.696,0.174,22.2,0.137,0.704,0.861,5.7,6.4,3.0,1.0,0.0
NS-0268,5.0,0.761,,26.4,0.175,,0.937,4.1,5.4,0.0,1.0,1.0
NS-0269,1.9,0.5,0.419,18.2,0.283,0.357,0.699,5.6,6.0,9.0,1.0,1.0
NS-0270,4.1,0.43,0.695,21.0,0.273,0.23,0.729,10.2,3.6,4.0,0.0,1.0
NS-0271,6.3,0.575,0.599,21.4,0.191,0.553,0.769,6.1,5.2,2.0,,0.0
NS-0272,6.8,0.571,0.188,23.6,0.189,0.552,0.783,12.3,,14.0,1.0,0.0
NS-0273,2.0,0.42,0.367,18.4,0.23,0.211,0.743,6.9,4.3,7.0,1.0,0.0
NS-0274,5.4,0.459,0.733,15.7,0.214,0.532,0.814,,4.4,2.0,0.0,1.0
NS-0275,4.6,0.535,0.215,19.2,0.208,0.236,0.841,5.0,6.0,7.0,0.0,0.0
NS-0276,7.2,0.482,0.332,18.5,0.206,0.426,0.715,8.9,4.9,4.0,0.0,1.0
NS-0277,9.7,0.667,0.231,20.3,0.199,0.54,0.858,1.4,5.2,2.0,0.0,0.0
NS-0278,4.1,0.47,0.667,14.9,0.235,,0.651,11.4,4.9,7.0,1.0,0.0
NS-0279,3.9,0.339,0.476,19.4,0.268,0.26,0.673,10.6,3.9,6.0,1.0,0.0
NS-0280,4.8,0.437,0.245,18.3,0.287,0.331,0.791,7.7,5.6,4.0,0.0,0.0
NS-0281,5.3,0.53,0.29,17.8,0.254,0.28,0.789,7.0,4.0,,1.0,1.0
NS-0282,5.9,0.36,0.205,16.5,0.238,0.221,0.706,10.4,7.0,3.0,0.0,1.0
NS-0283,,0.683,0.024,14.0,,0.739,0.929,9.8,,10.0,0.0,1.0
NS-0284,7.3,,0.506,11.6,0.179,0.426,0.698,3.0,4.9,7.0,0.0,0.0
NS-0285,7.2,0.522,0.561,22.4,0.213,0.37,0.82,3.6,4.6,7.0,0.0,1.0
NS-0286,4.0,0.446,0.543,22.6,0.287,0.438,0.862,8.5,5.0,5.0,0.0,0.0
NS-0287,4.0,0.446,0.117,14.6,0.205,0.267,0.818,9.9,4.6,11.0,0.0,0.0
NS-0288,5.1,0.685,,15.2,0.11,0.579,0.823,8.3,3.4,4.0,0.0,0.0
NS-0289,3.4,0.3,,21.2,0.264,0.139,0.717,9.8,5.2,8.0,0.0,0.0
NS-0290,4.6,0.558,0.292,24.5,0.193,0.327,0.842,12.5,4.8,2.0,0.0,0.0
NS-0291,5.9,0.482,0.397,21.2,0.249,0.464,0.812,1.9,5.7,1.0,1.0,
NS-0292,5.2,0.56,0.195,18.2,0.161,0.457,0.66,9.6,5.0,6.0,1.0,0.0
NS-0293,8.6,0.706,0.437,23.8,,0.681,0.764,8.3,5.6,2.0,1.0,
NS-0294,6.1,0.32,0.294,17.8,0.271,0.224,0.786,11.1,6.9,6.0,0.0,0.0
NS-0295,5.2,0.608,0.078,13.8,0.126,0.525,0.791,0.1,5.8,2.0,1.0,1.0
NS-0296,4.4,0.333,0.389,18.7,0.245,0.123,0.697,12.0,4.3,5.0,,1.0
NS-0297,5.2,0.528,0.371,15.9,0.241,0.359,0.655,9.7,5.6,9.0,0.0,1.0
NS-0298,3.8,0.356,0.623,14.3,0.227,0.394,0.788,,5.5,4.0,0.0,0.0
NS-0299,6.6,0.7,0.357,25.7,0.18,0.679,0.822,4.1,4.8,2.0,0.0,1.0
NS-0300,7.0,0.512,,27.6,0.189,0.45,0.833,11.5,4.2,4.0,0.0,1.0
NS-0301,6.6,0.568,0.328,22.6,0.2,0.419,0.643,8.8,6.3,1.0,0.0,0.0
NS-0302,5.0,0.481,0.685,17.6,0.252,0.268,0.813,11.7,5.8,5.0,0.0,0.0
NS-0303,3.1,0.23,0.91,17.1,0.3,0.077,0.832,15.7,5.4,7.0,0.0,1.0
NS-0304,6.0,0.324,0.346,15.9,0.291,0.205,0.772,11.1,3.6,7.0,0.0,0.0
NS-0305,3.6,0.565,0.563,18.3,0.217,0.42,0.815,9.9,4.8,7.0,0.0,1.0
NS-0306,8.2,0.454,0.476,14.0,0.238,0.337,0.978,6.7,5.5,3.0,0.0,0.0
NS-0307,,,0.249,17.4,0.112,0.605,0.696,5.7,5.1,2.0,0.0,0.0
NS-0308,5.5,0.425,0.279,20.6,0.198,0.292,0.831,7.4,3.8,4.0,0.0,1.0
NS-0309,1.4,0.179,0.381,17.1,0.329,0.02,0.675,8.7,,6.0,0.0,0.0
NS-0310,5.2,0.5,0.644,18.8,0.251,0.335,0.792,10.3,4.8,8.0,1.0,1.0
NS-0311,,0.533,0.501,19.2,0.191,0.36,0.856,5.6,4.5,5.0,0.0,0.0
NS-0312,3.3,0.349,0.198,19.5,0.242,,0.798,8.0,4.0,7.0,0.0,1.0
NS-0313,3.8,0.269,0.267,20.0,0.269,0.18,0.798,9.2,4.3,7.0,0.0,1.0
NS-0314,6.1,0.117,0.34,17.1,0.337,0.02,,8.5,4.6,6.0,0.0,0.0
NS-0315,4.7,0.488,0.26,20.3,0.199,0.315,0.828,4.4,4.5,,0.0,1.0
NS-0316,6.6,0.595,0.221,21.6,0.15,0.53,0.822,1.7,5.4,1.0,1.0,0.0
NS-0317,5.6,0.636,0.468,13.0,0.189,0.45,0.783,11.8,6.2,,,
NS-0318,6.8,0.492,0.406,26.8,0.261,0.462,0.804,0.5,5.4,11.0,0.0,0.0
NS-0319,4.5,0.395,0.389,13.4,0.254,0.496,0.651,9.9,5.5,4.0,0.0,1.0
NS-0320,6.5,0.628,,,0.224,0.55,0.834,7.8,5.3,4.0,0.0,1.0
NS-0321,6.4,0.628,0.0,21.8,0.187,0.52,0.727,8.7,5.9,2.0,,1.0
NS-0322,5.2,0.826,0.549,24.8,0.066,,0.81,9.7,7.0,0.0,0.0,0.0
NS-0323,4.4,0.408,0.327,18.2,0.239,0.414,0.745,6.3,4.9,6.0,1.0,1.0
NS-0324,5.5,0.625,0.325,23.5,0.195,0.57,,9.3,6.1,4.0,0.0,1.0
NS-0325,5.2,0.575,0.59,21.6,0.156,0.548,0.761,5.7,4.1,,0.0,1.0
NS-0326,4.0,0.398,0.58,16.8,0.251,0.312,0.816,8.9,4.7,10.0,0.0,0.0
NS-0327,4.8,,0.188,17.5,0.176,0.274,0.835,6.6,6.0,4.0,0.0,1.0
NS-0328,6.7,0.494,0.08,26.9,0.184,0.356,0.867,9.3,5.5,2.0,0.0,1.0
NS-0329,6.5,0.549,0.509,,0.162,0.39,0.708,5.6,4.3,3.0,0.0,0.0
NS-0330,,0.327,0.0,23.5,0.219,0.327,0.681,8.9,4.5,10.0,0.0,1.0
NS-0331,2.8,0.475,0.587,13.3,0.259,0.466,0.766,8.5,4.5,7.0,0.0,0.0
NS-0332,7.5,0.545,0.389,21.0,0.102,0.423,0.942,7.7,5.7,8.0,0.0,1.0
NS-0333,6.1,0.397,0.333,17.3,0.271,0.414,0.807,10.2,3.8,3.0,1.0,0.0
NS-0334,8.8,0.549,0.385,19.4,0.219,0.461,0.834,3.2,5.4,7.0,0.0,1.0
NS-0335,,0.695,0.599,16.2,0.098,0.561,0.76,5.4,3.8,7.0,,1.0
NS-0336,5.1,0.518,0.296,13.5,0.191,0.385,0.859,5.5,4.7,2.0,0.0,1.0
NS-0337,6.8,0.623,0.508,17.2,0.213,0.582,0.756,5.6,4.2,4.0,0.0,1.0
NS-0338,5.1,0.594,0.408,22.0,0.212,0.423,0.758,3.3,5.7,0.0,0.0,1.0
NS-0339,4.8,0.493,0.735,20.5,0.25,0.39,0.844,6.9,5.1,7.0,0.0,0.0
NS-0340,8.1,0.613,0.196,19.5,0.147,0.523,0.794,3.6,4.8,4.0,0.0,0.0
NS-0341,4.0,0.417,0.336,15.1,0.247,0.243,0.807,5.1,5.5,5.0,0.0,1.0
NS-0342,4.5,0.388,0.186,21.4,0.275,0.389,0.794,13.7,2.9,11.0,0.0,0.0
NS-0343,3.7,0.396,0.529,15.4,0.209,0.284,0.657,6.9,3.8,7.0,1.0,0.0
NS-0344,7.3,,0.307,23.8,0.14,,0.836,2.9,6.2,,0.0,0.0
NS-0345,4.0,0.504,0.356,20.1,0.192,0.545,0.745,9.2,6.2,5.0,1.0,1.0
NS-0346,5.5,0.776,0.333,18.1,0.122,0.619,0.851,7.1,5.5,3.0,1.0,0.0
NS-0347,6.8,0.502,0.04,25.9,0.201,0.356,0.746,10.3,5.2,1.0,0.0,0.0
NS-0348,8.5,0.719,0.176,21.0,0.178,0.624,0.879,6.6,4.9,2.0,0.0,0.0
NS-0349,4.7,0.599,0.279,11.6,0.175,0.589,0.794,5.9,4.4,7.0,0.0,1.0
NS-0350,6.6,0.367,0.312,17.3,0.231,0.214,0.786,11.6,4.8,9.0,1.0,1.0
NS-0351,4.5,0.467,0.391,20.2,0.156,0.531,0.817,13.1,5.1,4.0,0.0,1.0
NS-0352,5.5,0.407,0.129,16.1,0.208,0.594,0.658,8.4,4.5,8.0,0.0,0.0
NS-0353,,0.448,0.612,20.9,0.272,0.398,0.733,3.8,,6.0,0.0,0.0
NS-0354,3.4,0.438,0.585,8.5,0.279,0.38,0.871,9.1,4.9,8.0,0.0,1.0
NS-0355,6.2,0.535,,23.0,0.234,,0.824,0.1,3.1,1.0,0.0,0.0
NS-0356,8.0,0.627,0.714,,0.175,0.505,0.87,10.0,5.0,3.0,0.0,0.0
NS-0357,6.0,0.652,0.242,13.1,0.156,0.407,0.763,,5.4,2.0,0.0,1.0
NS-0358,6.1,0.362,0.593,21.7,0.308,0.239,0.767,,4.1,6.0,0.0,1.0
NS-0359,6.2,0.334,0.303,16.4,0.313,0.153,0.698,13.9,4.9,10.0,1.0,0.0
NS-0360,4.7,0.372,0.286,16.0,0.273,0.169,0.709,10.4,4.1,5.0,1.0,0.0
NS-0361,7.9,0.671,0.373,21.8,0.24,0.567,0.748,6.8,4.0,2.0,0.0,0.0
NS-0362,6.5,0.366,0.143,23.3,0.246,0.249,0.707,5.0,4.6,5.0,0.0,0.0
NS-0363,5.5,0.626,0.443,18.2,0.131,0.602,0.78,11.1,6.0,4.0,0.0,1.0
NS-0364,4.9,0.494,0.297,26.4,0.234,0.542,0.855,4.1,4.8,9.0,0.0,1.0
NS-0365,6.5,0.922,0.078,15.3,0.027,0.747,0.928,6.6,5.7,1.0,0.0,0.0
NS-0366,5.2,0.412,0.285,14.8,0.232,0.226,0.803,9.3,5.4,5.0,0.0,0.0
NS-0367,4.3,0.309,0.425,14.4,0.274,,0.747,7.4,4.3,2.0,1.0,0.0
NS-0368,7.6,0.631,0.283,18.9,0.177,0.503,0.791,,7.0,1.0,0.0,0.0
NS-0369,7.4,0.563,,15.7,0.22,0.485,0.768,10.7,3.6,3.0,0.0,0.0
NS-0370,5.8,,0.359,16.6,0.238,0.241,0.847,10.6,3.5,4.0,0.0,0.0
NS-0371,5.0,0.534,0.226,,0.198,0.333,0.831,7.9,6.5,3.0,0.0,0.0
NS-0372,6.6,0.384,0.235,15.0,0.275,0.336,,7.2,5.2,6.0,0.0,0.0
NS-0373,5.3,0.521,,25.9,0.135,0.537,0.792,9.3,5.4,7.0,0.0,0.0
NS-0374,6.9,0.423,0.138,18.9,0.213,0.387,0.766,11.3,,6.0,0.0,
NS-0375,6.6,0.463,0.44,21.1,0.266,0.309,0.768,11.9,5.7,7.0,0.0,0.0
NS-0376,4.7,0.575,0.234,22.1,0.128,0.408,0.839,4.1,3.7,5.0,1.0,0.0
NS-0377,6.2,0.582,,14.7,0.221,0.457,0.752,10.6,3.2,,0.0,0.0
NS-0378,8.5,0.616,0.311,24.5,0.185,0.49,0.914,7.2,5.6,2.0,0.0,1.0
NS-0379,5.7,0.537,0.381,26.1,0.142,0.663,0.863,4.7,5.9,3.0,,0.0
NS-0380,3.3,0.426,0.221,,0.222,,0.896,6.0,5.5,5.0,1.0,1.0
NS-0381,5.2,0.511,0.627,18.1,0.28,0.588,0.73,7.2,4.6,7.0,1.0,0.0
NS-0382,3.7,0.563,0.592,22.8,0.188,0.448,0.617,7.3,4.2,5.0,1.0,1.0
NS-0383,3.9,0.556,0.402,13.7,0.14,0.515,0.747,9.7,4.5,0.0,0.0,0.0
NS-0384,5.5,0.341,0.369,19.8,0.271,0.213,0.739,10.9,5.2,8.0,0.0,1.0
NS-0385,5.2,0.545,0.202,14.6,0.182,0.446,,6.3,4.5,5.0,,1.0
NS-0386,4.2,,0.438,18.0,0.128,0.547,0.696,10.2,2.9,5.0,1.0,0.0
NS-0387,3.8,0.478,0.529,17.5,0.252,0.291,0.821,8.2,5.3,4.0,0.0,1.0
NS-0388,,0.455,0.413,18.0,0.314,0.454,0.834,,5.0,2.0,0.0,0.0
NS-0389,8.0,0.708,0.533,22.4,0.156,0.687,0.7,4.1,5.2,3.0,1.0,1.0
NS-0390,7.4,0.358,0.766,18.2,0.233,0.06,0.737,5.2,4.4,6.0,0.0,
NS-0391,3.9,0.413,0.189,12.9,0.203,,0.768,9.5,4.5,6.0,0.0,0.0
NS-0392,9.4,0.836,0.134,28.0,0.048,0.764,0.879,0.1,5.7,4.0,1.0,
NS-0393,5.6,0.586,0.539,23.5,0.155,0.386,0.697,0.1,6.7,2.0,1.0,1.0
NS-0394,1.9,0.52,0.895,20.6,0.183,0.425,0.843,7.1,5.4,3.0,1.0,0.0
NS-0395,7.0,0.63,0.082,,0.099,0.462,0.834,3.9,6.6,1.0,1.0,0.0
NS-0396,8.0,0.471,0.251,20.5,0.243,0.48,0.77,3.8,4.5,3.0,0.0,0.0
NS-0397,,0.625,0.64,19.9,0.166,0.484,0.939,0.1,4.5,2.0,0.0,0.0
NS-0398,3.7,0.305,0.339,17.2,0.283,0.204,0.817,4.0,5.5,6.0,0.0,1.0
NS-0399,2.6,0.515,0.455,16.9,0.256,0.281,0.702,9.2,4.4,5.0,1.0,0.0
NS-0400,3.5,0.591,0.0,21.5,0.174,0.389,0.795,7.5,5.8,5.0,0.0,0.0
NS-0401,7.2,0.608,0.201,13.9,,0.561,0.856,4.6,4.1,2.0,1.0,0.0
NS-0402,5.5,0.501,0.62,20.5,0.175,0.393,0.75,7.8,4.5,6.0,0.0,0.0
NS-0403,8.1,0.685,0.173,21.8,0.151,0.651,0.935,2.4,5.9,1.0,0.0,0.0
NS-0404,8.2,0.434,,16.3,0.18,0.352,0.717,5.7,6.1,4.0,1.0,0.0
NS-0405,4.2,0.397,0.546,18.6,0.238,0.206,0.684,10.0,5.6,2.0,1.0,1.0
NS-0406,5.5,0.454,0.581,14.2,0.23,0.33,0.838,9.2,5.7,5.0,0.0,1.0
NS-0407,6.6,0.602,0.129,16.9,0.193,0.437,0.698,6.0,3.5,7.0,0.0,0.0
NS-0408,3.7,0.568,0.669,15.6,0.121,0.515,0.784,8.7,4.8,8.0,0.0,0.0
NS-0409,4.1,0.57,0.11,22.4,0.169,,0.808,12.0,4.9,,1.0,1.0
NS-0410,5.6,0.604,0.192,21.1,0.19,0.58,0.81,12.4,6.8,5.0,0.0,0.0
NS-0411,6.5,0.502,0.463,18.2,0.252,0.267,0.703,,3.8,,0.0,1.0
NS-0412,4.4,0.428,0.611,14.5,0.285,0.273,,6.8,3.5,5.0,1.0,0.0
NS-0413,3.5,,0.54,24.2,0.228,0.442,0.814,2.6,3.9,5.0,0.0,1.0
NS-0414,5.2,,0.0,16.7,0.18,0.626,0.851,7.7,5.8,2.0,0.0,1.0
NS-0415,4.0,0.386,0.583,23.7,0.2,0.459,0.814,10.8,5.3,2.0,0.0,0.0
NS-0416,6.7,0.532,,24.8,0.278,0.272,0.788,12.0,5.4,8.0,0.0,0.0
NS-0417,4.8,0.322,0.419,16.8,0.324,0.02,0.739,9.4,4.3,8.0,0.0,0.0
NS-0418,6.2,0.611,,21.0,0.167,0.505,0.766,2.5,5.1,2.0,,1.0
NS-0419,3.3,0.299,0.443,15.0,0.25,0.153,0.765,7.7,5.0,2.0,0.0,0.0
NS-0420,5.0,0.566,0.164,20.6,0.189,0.484,0.839,5.2,4.9,,0.0,1.0
NS-0421,4.6,0.584,0.409,19.1,0.165,0.462,0.824,8.8,3.7,,0.0,0.0
NS-0422,2.2,0.466,0.543,26.8,0.167,0.264,0.754,11.2,4.0,3.0,0.0,
NS-0423,8.7,0.604,0.574,22.9,0.18,0.424,0.829,9.7,3.6,3.0,0.0,1.0
NS-0424,5.4,0.515,0.638,22.2,0.182,0.474,0.729,13.5,4.0,3.0,0.0,1.0
NS-0425,6.8,0.557,0.0,24.0,0.167,0.384,0.973,3.7,5.8,2.0,0.0,1.0
NS-0426,4.8,0.697,0.101,14.0,0.143,0.563,0.766,4.7,6.8,2.0,0.0,0.0
NS-0427,2.1,0.406,0.394,27.5,0.225,0.251,0.72,8.5,5.6,0.0,0.0,
NS-0428,5.0,0.474,0.283,22.1,0.251,0.333,0.776,6.5,3.8,10.0,0.0,1.0
NS-0429,6.4,0.511,0.352,19.0,0.208,0.435,0.917,8.5,3.8,5.0,1.0,0.0
NS-0430,3.6,0.523,0.138,18.4,0.24,0.456,0.833,13.7,4.5,7.0,0.0,0.0
NS-0431,8.5,0.537,0.458,18.2,0.172,0.576,0.897,4.0,,3.0,0.0,1.0
NS-0432,6.8,0.551,0.029,27.1,0.156,0.4,0.889,5.0,4.9,4.0,0.0,1.0
NS-0433,4.0,0.566,0.261,20.0,0.168,0.393,0.925,5.6,4.9,6.0,0.0,
NS-0434,6.5,0.599,0.694,27.7,0.207,0.447,0.847,8.1,5.8,5.0,0.0,0.0
NS-0435,5.0,0.347,0.4,17.6,0.255,0.1,0.736,,4.7,4.0,,1.0
NS-0436,3.7,0.495,0.437,16.8,0.174,0.472,0.665,9.7,3.0,5.0,0.0,0.0
NS-0437,8.4,0.661,0.301,25.8,0.13,0.415,0.834,10.4,4.8,2.0,0.0,1.0
NS-0438,3.9,0.509,0.554,16.2,0.199,0.389,0.679,10.3,4.7,3.0,1.0,0.0
NS-0439,8.4,0.685,0.327,22.6,0.142,0.7,0.748,8.6,6.4,0.0,1.0,1.0
NS-0440,4.5,0.399,0.143,18.0,0.279,0.382,0.844,,5.5,9.0,0.0,1.0
NS-0441,7.0,0.742,0.354,25.2,0.106,0.579,,5.0,5.4,6.0,1.0,1.0
NS-0442,,0.528,0.103,11.3,0.161,0.368,0.767,10.3,2.3,2.0,0.0,0.0
NS-0443,7.8,0.413,0.526,23.6,0.225,0.388,0.829,7.8,4.3,5.0,0.0,1.0
NS-0444,4.9,0.613,0.372,23.8,,0.561,0.813,2.7,5.5,4.0,,0.0
NS-0445,7.6,0.734,0.118,19.7,0.105,0.507,0.854,7.2,3.9,1.0,0.0,0.0
NS-0446,4.2,0.667,0.236,21.6,0.161,0.751,0.886,,6.3,3.0,,1.0
NS-0447,3.7,0.543,0.258,19.8,0.232,0.497,0.784,10.3,5.2,3.0,0.0,
NS-0448,6.4,0.463,0.297,17.8,0.218,,,8.2,5.0,1.0,,1.0
NS-0449,6.1,0.363,,17.6,0.239,0.244,0.864,2.3,6.0,3.0,0.0,0.0
NS-0450,3.7,0.585,0.442,11.6,0.17,0.476,0.718,9.4,5.7,8.0,0.0,0.0
NS-0451,4.7,0.446,,15.6,0.203,0.319,0.832,7.4,3.4,6.0,0.0,0.0
NS-0452,9.0,0.659,0.194,23.1,,0.372,,4.6,5.6,5.0,0.0,1.0
NS-0453,9.7,0.532,0.087,20.8,0.258,0.474,0.832,7.6,4.6,,1.0,
NS-0454,4.4,0.572,0.116,13.4,0.142,0.541,0.907,0.1,4.8,3.0,0.0,1.0
NS-0455,5.0,0.476,0.953,17.6,0.139,0.484,,,4.6,5.0,0.0,0.0
NS-0456,,0.378,0.512,13.8,0.252,0.246,0.856,14.7,3.2,4.0,0.0,1.0
NS-0457,4.6,0.518,0.241,11.0,0.168,0.435,0.665,9.8,5.2,3.0,1.0,0.0
NS-0458,4.7,,0.43,21.0,0.226,0.355,0.807,3.7,4.4,7.0,0.0,0.0
NS-0459,5.5,0.433,0.634,16.9,0.239,0.308,0.67,6.9,3.9,6.0,0.0,0.0
NS-0460,5.8,0.462,0.231,12.7,0.206,0.401,0.783,2.7,3.5,9.0,0.0,0.0
NS-0461,6.2,0.54,0.368,16.0,0.172,0.369,0.771,12.6,5.4,3.0,1.0,1.0
NS-0462,,0.75,0.538,27.2,0.083,0.79,0.844,8.9,4.6,5.0,0.0,0.0
NS-0463,0.7,0.404,0.544,14.8,0.231,0.15,0.822,5.0,4.3,9.0,1.0,0.0
NS-0464,5.7,0.584,,22.5,0.203,0.396,0.69,10.4,5.4,2.0,0.0,0.0
NS-0465,2.8,0.449,0.26,19.0,0.146,0.518,0.703,9.8,4.2,9.0,0.0,1.0
NS-0466,2.5,0.345,0.026,16.5,0.291,0.11,0.777,5.9,5.5,3.0,0.0,1.0
NS-0467,6.2,0.332,0.044,26.7,0.237,,0.764,7.6,4.1,5.0,0.0,1.0
NS-0468,3.5,0.577,0.367,16.0,0.193,0.571,0.687,14.4,4.9,8.0,0.0,1.0
NS-0469,5.6,0.431,0.533,17.3,0.232,0.337,0.735,11.0,5.6,5.0,0.0,0.0
NS-0470,1.2,0.454,0.366,15.3,0.195,0.448,0.751,10.9,5.1,5.0,1.0,0.0
NS-0471,4.4,0.621,0.481,23.1,0.193,0.618,0.917,2.1,,4.0,0.0,0.0
NS-0472,3.9,0.552,0.072,17.6,0.171,0.359,0.856,6.4,3.5,2.0,0.0,0.0
NS-0473,5.8,0.53,0.598,27.6,0.209,0.46,0.788,12.3,4.8,7.0,0.0,0.0
NS-0474,6.2,0.532,0.137,23.4,0.144,0.481,0.709,6.1,4.4,8.0,1.0,1.0
NS-0475,6.7,0.688,0.0,21.8,0.078,0.487,0.872,6.1,4.5,4.0,0.0,0.0
NS-0476,5.8,0.56,0.133,26.8,0.156,0.393,0.808,3.4,4.6,,0.0,0.0
NS-0477,3.0,0.458,0.499,12.1,0.26,0.367,0.767,6.2,5.2,4.0,1.0,0.0
NS-0478,4.8,0.618,0.0,11.8,0.226,0.425,0.983,5.5,5.5,1.0,0.0,1.0
NS-0479,4.2,0.37,,15.9,0.324,0.139,0.822,2.8,1.9,1.0,0.0,0.0
NS-0480,3.2,0.457,0.08,9.5,0.249,0.37,0.612,5.2,4.1,7.0,0.0,1.0
NS-0481,8.3,0.694,0.566,24.3,0.123,0.674,0.85,8.0,6.3,1.0,0.0,0.0
NS-0482,6.5,0.738,0.145,22.8,0.148,0.742,0.634,6.5,4.8,7.0,0.0,1.0
NS-0483,,0.475,0.415,12.5,0.24,0.43,0.819,4.4,4.5,1.0,0.0,1.0
NS-0484,4.7,0.405,0.232,18.7,0.227,,0.7,3.5,4.2,6.0,0.0,0.0
NS-0485,6.4,0.716,0.7,23.5,0.109,0.582,,6.3,5.6,2.0,0.0,0.0
NS-0486,4.5,0.279,0.298,18.5,0.251,0.267,0.661,,4.4,4.0,0.0,1.0
NS-0487,4.1,0.499,0.277,15.6,0.182,0.459,0.798,0.1,4.4,10.0,0.0,1.0
NS-0488,8.4,0.818,0.236,18.7,0.062,0.611,0.729,7.5,6.8,4.0,1.0,1.0
NS-0489,5.5,0.718,0.162,17.4,0.104,0.582,0.759,0.1,4.1,2.0,0.0,1.0
NS-0490,7.9,0.668,0.446,12.5,0.149,0.493,0.872,,4.1,5.0,,1.0
NS-0491,5.5,0.419,0.677,17.0,0.279,0.215,0.945,2.0,4.6,7.0,0.0,1.0
NS-0492,5.9,0.47,0.163,14.0,0.234,0.459,0.816,8.5,5.2,2.0,0.0,1.0
NS-0493,6.4,0.61,0.655,15.6,0.153,0.608,0.832,,6.4,2.0,0.0,0.0
NS-0494,8.1,0.497,0.647,23.9,0.29,0.304,0.799,2.9,5.7,,1.0,0.0
NS-0495,6.7,,0.429,,0.199,0.405,0.775,7.4,3.5,6.0,1.0,1.0
NS-0496,6.7,0.526,0.336,25.2,0.197,0.416,0.813,7.8,6.5,4.0,0.0,1.0
NS-0497,5.4,0.225,0.472,15.2,0.259,0.058,0.811,8.7,4.0,2.0,0.0,0.0
NS-0498,,0.543,0.638,15.1,0.225,0.551,0.621,3.7,5.6,5.0,1.0,0.0
NS-0499,9.8,0.776,0.831,20.8,0.088,0.592,0.829,,5.2,1.0,0.0,0.0
NS-0500,7.1,0.672,0.0,17.2,0.143,0.635,0.815,14.3,6.0,2.0,0.0,1.0
NS-0501,3.1,0.456,0.668,13.1,0.272,,0.777,8.5,4.7,9.0,1.0,0.0
NS-0502,8.0,0.718,0.502,22.3,0.136,0.682,0.785,9.4,5.9,3.0,0.0,0.0
NS-0503,6.6,0.521,0.441,17.2,0.159,0.402,0.841,7.3,,3.0,0.0,0.0
NS-0504,7.4,0.584,0.01,17.8,0.183,0.413,0.769,,4.9,1.0,0.0,1.0
NS-0505,3.6,0.329,0.76,14.2,0.265,0.123,0.617,11.3,3.0,7.0,0.0,1.0
NS-0506,6.7,0.655,0.051,26.9,0.054,0.554,0.684,5.7,5.8,4.0,0.0,0.0
NS-0507,6.6,0.379,0.22,13.2,0.287,0.101,0.826,6.5,4.5,9.0,1.0,0.0
NS-0508,6.0,0.657,0.332,18.8,0.119,0.542,0.772,10.8,5.8,6.0,0.0,0.0
NS-0509,7.7,0.544,0.43,30.9,0.237,0.49,0.818,11.3,6.5,3.0,0.0,
NS-0510,6.6,0.612,0.474,14.2,0.108,0.414,0.804,9.1,3.7,,0.0,1.0
NS-0511,7.2,0.477,0.028,17.4,0.275,0.32,0.642,2.9,4.0,2.0,0.0,1.0
NS-0512,5.4,0.557,0.462,28.2,0.227,0.497,0.764,6.5,4.4,3.0,0.0,0.0
NS-0513,,0.418,0.517,13.3,0.254,0.351,0.77,7.2,3.4,7.0,0.0,0.0
NS-0514,8.7,0.394,0.312,17.6,0.296,0.057,0.825,2.4,6.6,4.0,1.0,0.0
NS-0515,0.5,0.235,0.48,21.9,0.311,0.204,0.868,7.8,4.4,5.0,0.0,0.0
NS-0516,4.7,0.42,0.308,17.3,0.199,0.354,0.761,9.8,4.4,5.0,0.0,0.0
NS-0517,7.7,0.47,0.581,23.7,0.256,0.351,0.792,2.3,4.1,5.0,0.0,
NS-0518,3.0,0.561,0.443,19.9,0.157,0.655,0.825,10.0,5.6,,0.0,0.0
NS-0519,5.2,0.415,0.385,23.9,0.23,0.282,0.753,11.2,5.6,4.0,0.0,1.0
NS-0520,6.6,0.473,0.314,16.7,0.286,0.463,0.721,7.7,4.2,5.0,,0.0
NS-0521,,0.514,0.337,15.6,0.222,0.507,0.783,9.3,3.6,8.0,0.0,0.0
NS-0522,9.2,0.729,0.328,22.7,0.116,0.565,0.877,6.1,6.8,2.0,0.0,1.0
NS-0523,3.2,0.457,0.625,18.2,0.232,0.51,0.755,5.4,5.3,3.0,0.0,1.0
NS-0524,5.1,0.559,,13.9,0.192,0.616,0.834,9.6,5.2,7.0,0.0,1.0
NS-0525,6.8,0.622,0.293,15.7,0.199,0.644,0.987,2.9,4.3,1.0,0.0,0.0
NS-0526,2.4,0.462,0.174,17.6,0.229,0.523,0.635,15.0,3.2,10.0,0.0,0.0
NS-0527,2.7,0.645,0.191,18.9,0.217,0.466,0.803,5.0,5.4,8.0,1.0,0.0
NS-0528,3.4,0.507,0.464,12.4,,0.471,,10.6,4.7,6.0,1.0,1.0
NS-0529,6.7,0.337,0.647,22.0,0.255,0.22,0.668,1.6,5.9,7.0,0.0,0.0
NS-0530,5.0,0.46,0.391,,0.235,0.285,0.915,11.2,3.7,4.0,0.0,1.0
NS-0531,5.0,0.405,0.259,22.7,0.239,0.304,0.791,9.3,4.3,4.0,0.0,0.0
NS-0532,4.6,0.469,0.0,16.8,0.213,0.246,0.666,7.3,4.8,3.0,0.0,1.0
NS-0533,5.9,,,24.8,0.297,0.383,0.679,6.8,4.6,2.0,0.0,0.0
NS-0534,4.9,0.218,0.523,17.9,0.259,0.02,0.652,13.2,3.8,3.0,1.0,0.0
NS-0535,6.9,0.632,0.236,17.0,0.174,0.538,0.814,7.4,,4.0,1.0,1.0
NS-0536,7.0,0.477,0.338,20.7,0.123,0.411,0.775,,4.8,8.0,0.0,0.0
NS-0537,0.4,0.08,0.747,12.6,0.332,0.041,0.578,13.5,3.3,12.0,0.0,0.0
NS-0538,5.0,0.385,0.857,13.2,0.247,0.333,0.795,9.9,6.2,,1.0,0.0
NS-0539,6.0,0.542,0.232,16.8,0.172,0.268,0.685,5.2,5.1,5.0,0.0,
NS-0540,5.6,0.653,0.497,21.3,0.175,0.436,0.964,7.5,4.9,3.0,0.0,1.0
NS-0541,4.4,0.33,0.34,16.5,0.269,0.199,0.789,12.6,5.1,11.0,1.0,1.0
NS-0542,3.5,0.211,0.154,22.4,0.255,0.153,0.833,16.4,3.4,6.0,0.0,0.0
NS-0543,6.4,0.531,0.339,15.4,0.225,0.376,0.864,6.9,5.5,2.0,0.0,0.0
NS-0544,8.7,0.681,0.251,17.1,0.084,0.469,0.829,4.1,5.0,3.0,0.0,1.0
NS-0545,2.8,0.395,0.253,18.6,0.21,0.209,0.746,9.0,3.5,,0.0,0.0
NS-0546,3.0,0.421,0.306,18.5,0.257,0.348,0.834,9.5,5.8,6.0,0.0,1.0
NS-0547,3.2,0.395,0.571,22.2,0.27,0.343,0.806,7.1,,3.0,0.0,0.0
NS-0548,7.0,,0.33,20.7,0.229,0.258,0.75,8.2,5.2,3.0,0.0,0.0
NS-0549,3.9,0.346,,17.7,0.299,0.279,0.765,16.2,4.9,6.0,0.0,1.0
NS-0550,4.8,0.591,0.518,21.5,0.169,0.565,0.766,13.6,4.0,2.0,0.0,0.0
NS-0551,7.9,0.629,,12.8,0.189,0.341,0.857,7.8,6.0,3.0,1.0,0.0
NS-0552,6.9,0.525,0.645,17.4,0.239,0.407,0.656,14.1,5.1,7.0,1.0,0.0
NS-0553,5.1,0.45,0.54,21.3,0.256,0.4,0.841,7.6,5.5,1.0,0.0,1.0
NS-0554,6.8,,0.505,20.9,0.124,0.633,0.902,3.2,4.4,4.0,0.0,1.0
NS-0555,3.4,0.391,0.329,13.8,0.229,0.182,0.861,12.0,3.7,,0.0,0.0
NS-0556,5.2,0.54,0.494,18.8,0.223,0.391,0.661,7.3,3.6,1.0,1.0,0.0
NS-0557,4.0,0.677,0.063,18.6,0.125,0.552,0.756,4.2,5.0,5.0,0.0,1.0
NS-0558,9.9,0.775,0.398,20.7,0.084,0.839,0.787,3.6,5.6,1.0,0.0,1.0
NS-0559,6.6,0.542,0.532,24.9,0.25,0.464,0.718,6.3,4.0,7.0,1.0,1.0
NS-0560,5.7,0.49,0.355,15.7,0.211,0.482,0.952,3.6,4.4,5.0,1.0,1.0
NS-0561,8.1,0.638,0.303,15.9,,0.667,0.772,9.8,6.0,4.0,0.0,1.0
NS-0562,2.9,0.361,0.258,20.0,0.295,0.211,0.955,2.4,3.5,8.0,0.0,1.0
NS-0563,6.4,0.358,0.223,18.0,0.244,0.274,0.747,6.2,6.2,4.0,1.0,1.0
NS-0564,5.1,0.365,0.452,13.3,0.228,0.177,0.672,9.4,4.7,10.0,1.0,1.0
NS-0565,8.8,0.565,0.202,26.4,0.199,0.424,0.868,2.6,6.3,8.0,0.0,1.0
NS-0566,7.2,0.584,0.135,15.3,0.17,0.373,0.796,4.8,4.3,3.0,1.0,0.0
NS-0567,4.4,0.472,0.589,19.3,0.234,0.286,0.791,13.0,5.9,4.0,,0.0
NS-0568,4.9,0.606,0.669,17.3,0.209,0.546,0.904,9.2,5.5,12.0,0.0,0.0
NS-0569,5.1,0.743,0.222,26.5,0.18,0.705,0.803,0.1,3.9,5.0,0.0,1.0
NS-0570,2.3,0.343,0.567,21.0,0.247,0.278,0.687,8.1,5.8,5.0,0.0,
NS-0571,6.1,0.559,0.379,17.7,0.237,0.521,0.851,5.5,5.7,,0.0,0.0
NS-0572,5.3,0.669,0.233,15.4,0.181,0.599,0.744,12.6,2.7,4.0,0.0,1.0
NS-0573,8.6,0.619,0.184,18.1,0.176,0.431,0.863,5.9,5.8,3.0,,0.0
NS-0574,6.8,0.686,0.477,24.6,0.104,0.715,0.744,4.6,5.9,9.0,0.0,0.0
NS-0575,6.1,0.655,0.53,22.7,0.2,0.588,0.901,4.1,6.3,1.0,0.0,1.0
NS-0576,4.1,0.514,0.482,12.8,0.196,0.328,0.728,8.9,5.0,9.0,0.0,0.0
NS-0577,4.6,0.579,0.424,21.1,0.183,0.522,0.791,6.2,5.1,1.0,0.0,1.0
NS-0578,4.8,0.414,0.241,20.0,0.251,0.285,0.729,12.0,4.7,4.0,,1.0
NS-0579,7.7,0.52,0.757,16.5,0.194,0.391,0.76,6.2,,4.0,0.0,0.0
NS-0580,3.5,0.424,0.327,,0.227,0.25,0.642,4.0,3.5,4.0,0.0,0.0
NS-0581,6.5,0.689,0.2,12.8,0.128,0.63,0.862,8.6,4.6,6.0,0.0,0.0
NS-0582,5.6,0.271,0.696,15.8,0.284,0.121,0.673,5.7,5.5,14.0,0.0,1.0
NS-0583,6.3,0.284,0.274,24.7,0.286,0.097,0.795,8.0,4.4,3.0,0.0,0.0
NS-0584,8.1,0.591,0.885,21.5,0.137,0.616,0.671,8.8,,4.0,0.0,1.0
NS-0585,5.5,,0.494,10.5,0.259,0.183,0.721,11.0,5.3,6.0,0.0,0.0
NS-0586,3.7,0.499,0.268,16.3,0.217,0.378,0.609,4.7,3.9,9.0,1.0,1.0
NS-0587,6.1,0.428,0.675,19.9,,0.419,0.729,11.2,6.2,5.0,,1.0
NS-0588,6.9,0.536,0.507,19.0,0.228,0.485,0.773,7.9,4.7,4.0,0.0,1.0
NS-0589,5.6,0.436,0.22,15.6,0.169,0.436,0.815,8.3,7.0,3.0,,1.0
NS-0590,6.5,,0.644,21.2,0.182,0.388,0.877,8.8,4.4,4.0,0.0,
NS-0591,7.9,0.544,0.545,24.7,0.116,0.542,0.742,6.3,,2.0,0.0,
NS-0592,2.6,,0.394,16.4,0.24,0.141,0.671,6.6,4.6,7.0,1.0,1.0
NS-0593,6.4,0.527,0.08,22.9,0.237,0.43,0.879,5.4,4.4,1.0,,1.0
NS-0594,3.3,0.556,0.753,15.4,0.168,0.34,0.774,6.1,4.1,11.0,,0.0
NS-0595,,0.376,0.16,21.2,0.225,0.201,0.903,3.8,5.4,6.0,1.0,1.0
NS-0596,5.1,0.583,0.559,23.9,0.132,0.477,0.846,4.3,5.6,3.0,0.0,1.0
NS-0597,5.6,0.479,0.604,14.2,0.257,0.339,0.74,10.9,4.3,5.0,0.0,1.0
NS-0598,6.9,0.235,0.06,15.3,0.27,0.044,0.628,8.5,4.4,8.0,0.0,1.0
NS-0599,4.2,0.516,0.52,16.8,,0.463,0.756,1.2,6.3,3.0,0.0,
NS-0600,4.5,0.296,0.543,17.4,0.267,0.219,0.798,4.8,4.7,3.0,1.0,1.0
NS-0601,4.0,0.388,0.142,15.4,0.342,0.214,0.815,10.9,4.1,9.0,0.0,1.0
NS-0602,4.6,0.521,0.278,26.3,0.236,0.46,0.743,5.1,6.5,3.0,0.0,1.0
NS-0603,4.8,0.671,0.159,22.0,0.156,0.742,0.86,8.4,,3.0,0.0,0.0
NS-0604,9.5,0.809,0.0,23.0,0.085,0.561,0.982,1.8,6.0,0.0,0.0,0.0
NS-0605,4.7,0.605,0.513,22.3,0.143,0.591,0.741,9.1,5.1,4.0,1.0,0.0
NS-0606,9.8,0.558,0.361,27.0,0.194,0.351,0.761,7.6,5.1,4.0,1.0,1.0
NS-0607,5.6,0.443,0.097,15.1,0.2,0.353,0.845,4.3,6.9,6.0,0.0,0.0
NS-0608,4.6,0.482,0.279,21.8,0.228,0.401,0.809,12.0,5.1,5.0,0.0,1.0
NS-0609,5.7,0.6,0.366,24.4,0.24,0.519,0.748,5.2,6.3,9.0,0.0,1.0
NS-0610,5.0,0.403,0.596,12.3,0.246,0.318,0.64,9.5,4.1,5.0,0.0,0.0
NS-0611,8.6,0.813,0.52,16.2,0.077,0.867,0.841,3.2,6.6,4.0,0.0,0.0
NS-0612,3.1,,,22.0,0.297,0.246,0.815,5.5,5.1,2.0,1.0,1.0
NS-0613,2.9,0.435,0.528,16.7,0.197,0.216,0.782,7.4,4.6,6.0,0.0,0.0
NS-0614,5.4,0.601,0.529,20.7,0.198,,0.802,9.1,5.6,9.0,0.0,0.0
NS-0615,1.8,0.3,0.658,28.3,0.258,0.194,0.71,0.1,6.3,7.0,0.0,0.0
NS-0616,4.6,0.627,0.541,18.9,0.106,0.713,0.829,9.7,4.7,1.0,0.0,0.0
NS-0617,4.5,0.535,0.346,11.6,,0.313,0.814,,4.8,2.0,0.0,1.0
NS-0618,4.5,0.579,0.36,23.0,0.181,,0.73,6.2,7.0,6.0,0.0,
NS-0619,7.2,0.319,0.091,20.4,0.246,0.143,0.695,12.9,3.8,4.0,0.0,1.0
NS-0620,,0.568,0.239,24.9,0.187,0.361,0.957,3.7,5.1,2.0,0.0,1.0
NS-0621,3.6,0.396,0.288,20.7,0.246,0.273,0.605,7.7,4.9,6.0,0.0,0.0
NS-0622,2.4,0.208,0.421,12.6,0.251,0.078,0.621,11.4,4.1,7.0,0.0,0.0
NS-0623,2.3,0.241,0.211,12.7,0.342,0.096,0.589,6.8,5.0,6.0,0.0,1.0
NS-0624,5.6,0.526,0.128,19.4,0.151,0.507,0.842,0.5,4.4,1.0,1.0,0.0
NS-0625,,0.62,0.552,17.2,0.219,0.341,0.771,7.2,4.7,5.0,0.0,1.0
NS-0626,4.2,0.334,0.365,18.4,0.186,0.221,0.729,9.3,4.5,3.0,0.0,1.0
NS-0627,5.8,0.367,0.342,19.7,0.307,0.345,0.837,9.6,5.5,8.0,1.0,0.0
NS-0628,6.6,0.236,0.187,8.4,0.262,0.235,0.83,8.8,5.2,6.0,,0.0
NS-0629,3.1,0.36,0.171,12.9,0.278,,0.787,7.3,5.5,6.0,1.0,1.0
NS-0630,8.0,0.572,0.244,14.3,0.174,0.565,0.747,10.0,5.3,7.0,0.0,0.0
NS-0631,8.7,0.74,0.456,19.2,0.072,0.556,1.0,,6.1,5.0,0.0,0.0
NS-0632,5.5,0.423,0.374,16.8,0.173,0.365,0.782,8.5,5.1,5.0,0.0,0.0
NS-0633,8.4,0.562,0.299,21.6,0.181,0.48,,3.0,5.0,3.0,0.0,0.0
NS-0634,,0.332,0.505,18.7,0.318,0.351,0.752,9.8,5.1,7.0,1.0,0.0
NS-0635,9.0,0.603,0.509,12.1,0.189,0.354,0.812,11.3,6.3,2.0,0.0,0.0
NS-0636,3.7,0.464,0.596,20.6,0.218,0.269,0.626,6.1,2.5,4.0,0.0,1.0
NS-0637,6.7,0.636,0.183,24.8,0.182,0.57,0.792,2.8,4.0,1.0,1.0,1.0
NS-0638,,0.524,0.16,,0.211,0.358,0.909,6.6,3.7,2.0,0.0,
NS-0639,7.5,0.668,0.407,21.1,,0.532,0.759,3.5,5.7,0.0,0.0,0.0
NS-0640,6.3,0.614,0.159,19.1,0.195,0.557,0.749,7.1,3.7,5.0,0.0,0.0
NS-0641,5.1,0.321,0.321,14.9,0.304,0.186,0.812,8.6,3.9,7.0,1.0,0.0
NS-0642,8.6,0.572,0.529,13.4,0.177,0.428,0.821,6.6,6.2,4.0,0.0,0.0
NS-0643,7.3,0.48,0.582,23.4,0.207,0.336,0.711,6.7,6.3,3.0,0.0,1.0
NS-0644,4.3,0.624,0.47,24.1,0.216,0.625,0.706,8.2,3.8,0.0,0.0,1.0
NS-0645,7.0,0.448,0.378,13.9,0.251,0.259,0.746,8.6,6.7,2.0,0.0,1.0
NS-0646,2.4,0.407,0.464,15.7,0.243,0.395,0.767,9.6,5.4,12.0,0.0,1.0
NS-0647,4.0,0.506,0.348,15.6,0.179,0.259,0.773,13.7,4.0,7.0,1.0,0.0
NS-0648,7.8,0.757,0.52,14.7,0.146,0.68,0.833,2.6,5.4,1.0,0.0,1.0
NS-0649,5.4,0.567,0.259,16.5,0.201,0.564,,3.9,4.7,9.0,1.0,1.0
NS-0650,5.7,0.412,0.138,15.5,0.193,0.277,0.813,7.9,3.8,4.0,1.0,1.0
NS-0651,3.8,0.695,0.288,18.4,0.117,,0.692,11.0,5.4,2.0,0.0,1.0
NS-0652,4.2,0.523,0.01,15.8,0.18,0.626,0.757,8.8,5.6,7.0,0.0,0.0
NS-0653,4.9,0.378,,17.4,0.226,0.215,0.903,4.2,,9.0,0.0,1.0
NS-0654,8.5,0.523,0.566,21.1,,0.444,0.835,7.1,5.7,6.0,,0.0
NS-0655,3.3,0.29,0.365,12.6,0.241,0.323,0.696,12.5,3.2,4.0,1.0,0.0
NS-0656,3.3,0.507,0.436,17.8,0.215,0.31,0.831,8.4,4.5,2.0,0.0,0.0
NS-0657,3.6,0.399,0.679,13.3,,0.223,0.655,7.5,3.4,11.0,0.0,0.0
NS-0658,7.2,0.497,0.123,20.4,0.269,0.534,0.918,7.9,4.8,6.0,0.0,1.0
NS-0659,3.8,0.472,0.103,12.9,0.212,0.304,0.626,12.0,3.9,8.0,1.0,0.0
NS-0660,4.7,,0.464,16.7,0.196,0.312,0.856,8.0,4.6,6.0,0.0,0.0
NS-0661,5.5,0.364,0.229,10.0,0.256,0.233,0.837,4.0,5.0,3.0,0.0,1.0
NS-0662,7.1,0.635,0.026,20.6,0.144,0.468,0.828,4.1,5.2,,0.0,0.0
NS-0663,6.9,0.303,0.05,18.9,0.271,0.301,0.754,9.1,5.6,5.0,0.0,0.0
NS-0664,8.0,0.511,0.208,18.2,0.214,0.365,0.831,11.3,4.6,3.0,0.0,1.0
NS-0665,,0.351,,12.2,0.282,0.302,0.773,10.4,6.0,4.0,0.0,1.0
NS-0666,5.8,0.631,0.193,15.6,0.185,0.435,0.83,7.1,5.9,2.0,0.0,0.0
NS-0667,4.4,0.309,,12.3,0.259,0.119,0.705,7.9,4.9,5.0,0.0,0.0
NS-0668,7.0,0.728,0.259,20.9,0.085,0.561,,3.0,5.2,4.0,0.0,0.0
NS-0669,3.7,0.477,0.197,21.9,0.168,0.473,0.811,3.4,5.6,,1.0,1.0
NS-0670,6.2,0.276,0.355,19.2,0.354,0.25,0.859,6.7,5.0,5.0,1.0,0.0
NS-0671,2.0,0.577,0.286,24.0,0.12,,0.735,4.9,3.8,5.0,1.0,1.0
NS-0672,6.6,0.77,0.315,21.5,0.078,0.601,0.801,5.3,5.4,3.0,0.0,1.0
NS-0673,4.4,0.493,0.367,,0.26,0.317,0.661,5.0,4.9,8.0,0.0,1.0
NS-0674,4.6,0.48,0.678,20.6,0.215,0.455,0.799,3.7,5.3,6.0,0.0,1.0
NS-0675,5.6,0.568,0.513,19.7,0.152,0.371,0.83,9.9,4.9,8.0,0.0,0.0
NS-0676,7.1,0.346,0.364,20.1,,,0.772,7.7,4.5,4.0,,0.0
NS-0677,3.6,0.194,0.169,26.2,0.329,0.088,0.823,10.6,4.5,7.0,0.0,0.0
NS-0678,,0.46,0.485,21.8,0.209,0.36,0.771,5.0,4.0,1.0,0.0,0.0
NS-0679,8.3,0.656,0.223,25.6,0.157,0.627,,3.0,4.9,3.0,1.0,0.0
NS-0680,6.6,0.492,0.415,18.3,,0.323,0.81,6.7,5.1,5.0,0.0,1.0
NS-0681,1.7,0.272,0.35,15.7,0.285,,0.71,8.3,4.1,6.0,0.0,0.0
NS-0682,2.7,0.576,0.195,18.9,0.227,0.522,0.807,7.9,5.2,5.0,0.0,0.0
NS-0683,3.4,0.357,0.426,,0.289,,0.839,11.9,3.8,0.0,1.0,0.0
NS-0684,5.3,0.538,0.469,13.4,0.172,0.559,0.821,11.7,5.1,3.0,0.0,0.0
NS-0685,5.3,0.603,0.25,21.2,0.187,0.453,0.669,6.0,4.1,1.0,0.0,0.0
NS-0686,5.1,0.486,0.257,16.6,0.217,0.269,0.728,3.8,4.2,7.0,0.0,0.0
NS-0687,7.2,0.483,0.34,24.5,0.273,0.35,0.88,,4.8,1.0,0.0,0.0
NS-0688,2.1,0.533,0.083,20.4,0.265,0.506,0.789,10.7,3.1,10.0,0.0,1.0
NS-0689,7.6,0.522,0.003,20.4,0.161,0.355,0.881,0.1,5.7,3.0,0.0,0.0
NS-0690,5.2,0.592,0.0,12.4,0.204,0.165,0.767,9.5,4.9,1.0,0.0,1.0
NS-0691,7.3,0.711,0.243,13.8,0.122,0.693,0.685,5.9,5.3,2.0,0.0,0.0
NS-0692,4.6,0.512,0.725,15.7,0.287,,0.652,6.4,5.0,7.0,0.0,0.0
NS-0693,7.4,0.378,0.488,15.6,0.272,0.333,,6.4,5.8,8.0,1.0,1.0
NS-0694,6.9,0.803,,23.9,0.098,0.854,0.746,3.6,4.2,3.0,0.0,0.0
NS-0695,6.3,0.441,,15.8,0.197,,0.709,6.8,5.1,0.0,0.0,0.0
NS-0696,5.5,0.522,,16.1,0.167,0.484,0.823,7.5,4.4,6.0,1.0,1.0
NS-0697,3.7,0.495,0.21,20.0,0.208,0.287,0.708,6.8,5.1,6.0,0.0,0.0
NS-0698,7.5,0.545,0.473,18.1,0.157,0.377,0.918,6.1,6.1,,0.0,0.0
NS-0699,5.5,0.644,0.483,16.7,0.107,0.524,0.86,7.3,7.0,2.0,0.0,0.0
NS-0700,5.3,0.226,0.674,15.0,0.388,0.02,0.732,,5.1,5.0,1.0,1.0
NS-0701,2.3,,0.265,16.2,0.164,,0.754,8.7,4.7,5.0,1.0,1.0
NS-0702,7.8,0.584,0.0,16.0,0.138,0.617,0.736,13.7,5.6,4.0,0.0,1.0
NS-0703,10.1,0.594,,,0.229,0.472,0.797,2.4,6.8,3.0,1.0,1.0
NS-0704,3.2,0.5,0.377,18.3,0.256,0.456,0.71,7.1,4.0,1.0,0.0,0.0
NS-0705,4.0,0.412,0.054,18.1,0.252,0.391,0.728,7.1,4.6,1.0,0.0,0.0
NS-0706,,0.385,0.558,15.2,0.273,0.264,0.759,1.1,7.0,3.0,0.0,1.0
NS-0707,5.1,0.461,0.319,16.2,0.192,0.395,0.862,8.3,4.3,6.0,1.0,0.0
NS-0708,4.9,0.496,0.269,24.0,0.243,0.455,0.716,12.2,2.9,6.0,0.0,0.0
NS-0709,4.9,0.429,0.257,13.7,0.291,0.464,0.795,4.8,4.8,2.0,1.0,0.0
NS-0710,6.4,0.529,0.538,22.5,0.205,0.458,0.803,5.2,4.3,3.0,1.0,0.0
NS-0711,5.2,0.717,0.249,23.1,0.143,0.555,0.889,4.8,5.8,6.0,0.0,0.0
NS-0712,6.5,0.593,0.057,17.1,0.273,0.538,0.836,6.0,6.1,6.0,0.0,0.0
NS-0713,5.5,0.326,0.492,16.0,0.266,0.161,0.813,3.4,4.2,3.0,0.0,1.0
NS-0714,,0.505,0.309,19.1,0.275,0.417,0.833,6.1,6.1,2.0,0.0,1.0
NS-0715,3.7,0.5,0.512,25.5,0.196,0.406,0.759,9.1,5.7,7.0,0.0,1.0
NS-0716,4.1,0.354,0.326,18.6,0.289,0.16,0.861,8.2,4.4,2.0,0.0,1.0
NS-0717,5.2,0.113,0.405,25.8,0.329,0.02,0.821,,3.9,4.0,0.0,0.0
NS-0718,9.0,0.684,0.569,21.8,,0.561,0.793,10.8,6.2,6.0,0.0,1.0
NS-0719,5.1,0.709,0.31,19.4,0.162,0.602,0.811,3.9,5.1,3.0,0.0,0.0
NS-0720,5.3,0.367,0.432,20.8,0.248,0.105,0.776,7.5,5.3,3.0,0.0,0.0
NS-0721,2.9,0.404,0.278,24.5,0.232,0.313,0.795,8.1,4.6,5.0,0.0,0.0
NS-0722,,0.227,0.14,14.8,0.358,0.12,0.669,7.1,4.5,6.0,0.0,0.0
NS-0723,7.0,,0.075,16.9,0.14,0.61,0.673,12.9,3.4,1.0,0.0,1.0
NS-0724,5.3,0.439,0.461,22.0,0.213,0.321,0.841,5.9,4.1,6.0,1.0,0.0
NS-0725,6.6,0.367,0.41,21.6,0.195,0.457,0.698,5.9,6.1,,0.0,1.0
NS-0726,5.5,0.491,,23.7,0.203,0.497,0.859,11.1,5.2,3.0,0.0,1.0
NS-0727,5.6,0.386,0.166,13.8,0.297,0.036,0.74,12.4,5.3,7.0,0.0,1.0
NS-0728,5.2,0.47,0.447,22.2,,0.252,0.799,9.6,5.3,10.0,0.0,1.0
NS-0729,6.5,0.497,0.262,24.7,0.173,0.317,0.822,1.9,6.2,5.0,0.0,1.0
NS-0730,6.0,0.351,0.07,23.3,0.179,0.113,0.717,9.6,4.9,8.0,0.0,1.0
NS-0731,,0.43,0.085,27.3,0.193,0.466,0.709,5.6,5.2,5.0,0.0,0.0
NS-0732,6.2,0.693,0.317,22.0,0.24,0.724,0.704,0.1,5.3,5.0,0.0,1.0
NS-0733,5.1,0.493,0.593,16.4,0.263,0.358,0.747,6.0,5.9,6.0,0.0,0.0
NS-0734,7.9,0.55,0.627,19.6,0.203,,0.794,11.7,5.8,3.0,0.0,0.0
NS-0735,7.6,0.56,,20.0,0.209,0.402,0.833,10.0,4.6,4.0,1.0,0.0
NS-0736,8.5,0.563,0.201,24.9,0.148,0.464,0.763,5.5,5.0,3.0,1.0,0.0
NS-0737,2.6,0.482,0.66,19.0,0.245,0.328,0.751,6.2,4.0,,1.0,0.0
NS-0738,,0.427,0.408,22.5,0.226,0.42,0.759,13.0,5.0,4.0,0.0,0.0
NS-0739,5.8,0.647,0.405,20.4,0.178,,0.76,1.5,5.0,1.0,0.0,0.0
NS-0740,4.9,0.648,0.0,20.7,0.187,0.5,0.824,6.1,6.0,4.0,0.0,0.0
NS-0741,6.2,0.414,0.38,19.5,0.211,,0.662,9.4,4.1,5.0,0.0,1.0
NS-0742,7.5,0.356,0.587,16.5,0.316,0.347,0.747,,3.4,,0.0,1.0
NS-0743,6.0,0.47,0.657,24.1,0.235,0.398,0.647,7.3,3.9,6.0,0.0,0.0
NS-0744,7.3,0.677,0.197,29.5,0.158,0.784,0.814,6.8,5.8,2.0,,0.0
NS-0745,3.8,0.369,0.337,21.9,0.271,0.254,0.702,8.0,5.6,5.0,1.0,1.0
NS-0746,2.5,,0.2,9.0,0.206,0.479,0.868,11.8,2.8,2.0,0.0,0.0
NS-0747,7.9,0.454,0.308,15.7,0.236,0.137,0.784,12.7,5.4,2.0,0.0,1.0
NS-0748,5.2,0.384,0.442,14.9,0.222,0.373,0.695,10.0,3.2,7.0,0.0,1.0
NS-0749,4.8,0.194,0.304,20.4,0.249,0.053,0.781,10.8,4.6,7.0,1.0,1.0
NS-0750,5.7,0.388,0.349,16.3,0.191,0.265,0.863,8.1,5.0,9.0,0.0,1.0
NS-0751,5.0,0.248,0.491,21.0,0.313,0.044,,10.2,4.5,4.0,0.0,1.0
NS-0752,5.1,0.597,0.623,,0.19,0.282,0.723,9.3,4.7,3.0,1.0,1.0
NS-0753,3.1,0.273,0.61,16.4,0.29,0.179,0.706,6.4,4.5,16.0,0.0,0.0
NS-0754,4.3,0.543,0.732,20.7,0.197,0.535,0.748,0.1,4.4,4.0,0.0,
NS-0755,4.9,0.316,0.536,17.8,0.275,0.239,,0.1,6.4,6.0,0.0,1.0
NS-0756,5.0,0.535,0.766,25.9,0.194,0.412,0.752,8.4,4.0,,0.0,1.0
NS-0757,6.7,,0.2,22.7,0.171,0.303,0.844,6.6,3.3,6.0,0.0,0.0
NS-0758,5.0,0.492,0.097,17.5,0.234,0.401,0.767,10.0,5.3,7.0,0.0,1.0
NS-0759,3.7,0.541,0.299,23.0,0.234,0.302,0.731,6.9,3.0,7.0,1.0,
NS-0760,2.4,0.409,0.736,13.7,0.229,0.189,0.659,6.8,5.9,5.0,0.0,0.0
NS-0761,4.7,0.375,0.276,19.0,0.216,0.236,0.856,5.8,3.8,,1.0,0.0
NS-0762,3.2,0.411,0.588,,0.218,0.207,0.703,9.4,4.6,8.0,0.0,1.0
NS-0763,7.2,0.791,0.042,16.2,0.045,0.527,0.909,5.4,5.9,1.0,0.0,1.0
NS-0764,,0.634,0.328,24.5,0.156,0.554,0.877,10.2,4.5,,0.0,1.0
NS-0765,8.1,0.346,0.47,18.6,0.252,0.105,0.791,9.0,,4.0,0.0,0.0
NS-0766,0.7,0.301,0.816,17.9,0.342,0.108,0.589,10.9,3.7,10.0,1.0,0.0
NS-0767,4.9,0.489,0.162,20.2,0.183,0.404,0.723,2.9,4.3,6.0,0.0,1.0
NS-0768,5.1,0.531,0.403,21.5,0.228,0.492,0.674,7.9,4.4,,0.0,0.0
NS-0769,2.3,0.479,,26.3,0.272,0.569,0.699,9.9,5.4,6.0,1.0,1.0
NS-0770,4.7,0.503,0.143,20.7,0.248,0.419,0.881,11.3,6.1,6.0,1.0,0.0
NS-0771,3.9,0.106,0.0,21.6,0.31,0.058,0.778,10.7,4.1,8.0,0.0,1.0
NS-0772,2.3,0.34,0.263,25.8,0.21,0.237,0.61,6.1,5.5,6.0,0.0,
NS-0773,3.8,0.517,0.355,26.8,0.231,0.243,0.729,7.0,4.5,,0.0,0.0
NS-0774,3.9,0.488,0.517,18.5,0.235,0.459,0.915,10.7,2.9,3.0,0.0,0.0
NS-0775,3.7,0.435,0.51,21.5,0.223,0.213,0.784,9.6,5.6,7.0,0.0,1.0
NS-0776,7.3,0.653,0.333,21.5,0.142,0.433,0.82,5.6,5.2,2.0,0.0,0.0
NS-0777,3.0,0.61,0.035,13.8,0.156,0.499,0.829,7.4,4.2,6.0,1.0,0.0
NS-0778,4.3,0.584,0.329,,0.196,0.323,0.829,6.7,4.7,8.0,0.0,1.0
NS-0779,5.8,0.564,0.168,23.5,0.19,0.43,,10.3,5.0,4.0,0.0,0.0
NS-0780,3.4,0.407,0.694,16.7,0.238,0.328,0.799,8.6,5.6,8.0,0.0,1.0
NS-0781,5.8,0.389,0.196,13.8,0.292,0.209,0.721,5.6,4.4,10.0,0.0,0.0
NS-0782,5.2,0.704,0.199,24.8,0.1,0.486,0.771,1.2,4.7,9.0,1.0,1.0
NS-0783,5.4,0.454,0.507,17.3,0.23,,0.81,7.6,5.7,4.0,1.0,0.0
NS-0784,1.0,0.435,0.521,18.5,0.215,0.413,0.631,12.1,4.7,8.0,0.0,1.0
NS-0785,6.2,0.621,0.196,21.7,0.136,0.551,0.791,7.2,6.5,4.0,0.0,1.0
NS-0786,4.6,0.288,0.282,17.2,0.267,0.144,0.887,10.1,6.9,4.0,0.0,0.0
NS-0787,4.8,0.406,0.782,15.1,,0.363,0.726,5.8,4.1,7.0,0.0,1.0
NS-0788,5.9,0.594,0.224,24.2,0.178,0.568,0.799,8.2,3.5,3.0,0.0,0.0
NS-0789,4.9,0.473,,23.3,0.149,0.365,0.782,3.6,5.2,6.0,0.0,0.0
NS-0790,7.0,0.486,,18.5,0.241,0.247,0.637,3.4,4.4,5.0,0.0,1.0
NS-0791,3.2,0.373,0.578,13.7,0.235,0.284,0.776,5.2,4.3,9.0,1.0,1.0
NS-0792,1.8,0.515,0.26,14.4,0.205,0.301,0.88,8.9,4.6,1.0,,0.0
NS-0793,5.3,,0.497,16.3,0.24,0.261,0.864,10.4,4.9,2.0,1.0,0.0
NS-0794,6.9,,0.714,14.4,0.178,0.648,0.807,2.1,5.3,5.0,0.0,0.0
NS-0795,8.7,0.629,0.398,21.2,0.218,0.408,0.849,,5.4,0.0,0.0,0.0
NS-0796,,0.65,0.0,15.0,,0.696,0.745,8.8,6.2,1.0,0.0,1.0
NS-0797,8.2,0.58,0.316,23.5,0.239,0.596,0.858,2.9,7.0,4.0,0.0,0.0
NS-0798,5.1,0.568,0.318,17.4,0.191,0.456,0.946,1.9,5.9,4.0,1.0,0.0
NS-0799,,0.535,0.306,20.2,0.253,0.515,0.856,,4.6,2.0,0.0,0.0
NS-0800,5.5,0.474,0.0,21.9,0.246,0.304,0.86,7.7,5.3,5.0,0.0,1.0
NS-0801,3.3,0.414,0.393,14.5,0.307,0.283,0.819,6.0,5.2,4.0,0.0,0.0
NS-0802,,0.388,0.177,16.7,0.246,0.118,0.641,9.7,4.1,5.0,0.0,0.0
NS-0803,7.1,0.488,0.255,,0.164,0.644,0.863,7.6,4.3,,0.0,1.0
NS-0804,5.5,0.406,0.664,15.7,0.241,0.324,0.643,6.3,5.3,5.0,0.0,1.0
NS-0805,2.4,0.318,0.198,24.4,0.173,0.12,0.678,1.6,4.7,,1.0,1.0
NS-0806,6.0,0.529,0.58,30.1,0.207,0.387,0.797,7.3,4.9,8.0,,0.0
NS-0807,6.2,0.496,0.787,20.6,0.141,0.467,0.763,5.0,5.3,7.0,,0.0
NS-0808,5.2,0.501,0.284,22.9,0.252,0.598,0.813,8.8,3.2,1.0,0.0,1.0
NS-0809,5.7,0.499,0.285,19.0,0.164,0.49,0.896,11.1,5.3,5.0,0.0,0.0
NS-0810,6.8,0.747,0.309,23.4,0.121,0.674,0.744,4.4,5.8,2.0,0.0,0.0
NS-0811,8.1,0.739,0.714,19.9,0.121,0.682,,11.2,5.9,2.0,0.0,1.0
NS-0812,4.8,0.495,0.399,22.9,0.153,0.502,0.77,8.3,4.9,,0.0,0.0
NS-0813,7.4,0.666,0.068,22.5,0.152,0.748,0.948,7.7,7.0,,0.0,0.0
NS-0814,8.4,0.625,0.292,23.0,0.147,0.371,0.892,5.9,5.4,2.0,0.0,0.0
NS-0815,8.8,0.76,0.44,22.1,0.053,0.709,0.883,0.1,5.3,3.0,0.0,0.0
NS-0816,3.5,0.373,0.503,18.9,0.258,0.327,0.915,10.6,6.0,10.0,1.0,0.0
NS-0817,4.1,0.437,0.239,25.1,0.221,0.291,0.866,10.2,7.0,6.0,0.0,
NS-0818,2.4,0.571,0.146,22.4,0.184,0.522,0.834,7.4,5.1,7.0,0.0,1.0
NS-0819,5.0,0.36,0.358,20.3,0.325,0.21,0.796,5.1,5.3,7.0,0.0,1.0
NS-0820,8.2,0.635,0.511,23.0,0.222,0.643,0.925,9.6,5.9,3.0,0.0,1.0
NS-0821,3.9,0.583,0.182,19.5,0.192,0.535,0.899,5.3,4.3,,,0.0
NS-0822,3.7,0.575,0.311,19.1,0.184,0.478,0.74,7.4,3.7,5.0,0.0,0.0
NS-0823,4.4,0.552,0.136,26.0,0.199,0.497,0.82,6.8,4.8,8.0,0.0,0.0
NS-0824,2.3,0.33,0.41,20.1,0.27,0.251,0.77,5.7,5.2,9.0,0.0,0.0
NS-0825,6.1,0.31,0.493,19.2,,0.383,0.709,0.1,2.8,8.0,0.0,1.0
NS-0826,2.0,0.308,0.733,17.9,0.247,0.17,0.799,9.3,4.9,11.0,0.0,1.0
NS-0827,5.3,0.618,0.597,18.9,0.178,0.627,0.904,7.8,4.5,1.0,0.0,0.0
NS-0828,5.6,0.564,0.322,16.6,0.236,0.531,,,5.4,3.0,1.0,0.0
NS-0829,5.3,0.64,0.254,22.4,0.138,0.528,0.77,10.7,5.9,3.0,0.0,0.0
NS-0830,4.0,0.39,0.503,10.8,0.258,0.225,0.62,11.9,2.6,8.0,1.0,0.0
NS-0831,4.3,0.368,0.515,23.0,0.248,0.268,0.776,8.4,5.9,6.0,0.0,
NS-0832,7.2,0.356,0.0,23.1,0.27,0.12,0.69,6.5,6.1,5.0,0.0,1.0
NS-0833,5.1,0.799,0.232,19.5,0.1,0.752,0.693,4.9,4.5,0.0,0.0,1.0
NS-0834,4.2,0.402,0.206,22.8,0.258,0.408,0.663,8.0,4.0,6.0,,1.0
NS-0835,3.6,0.377,0.514,,0.241,0.191,0.855,9.9,,5.0,1.0,1.0
NS-0836,5.5,0.391,0.286,19.8,0.239,0.263,0.887,19.0,3.7,2.0,0.0,0.0
NS-0837,7.9,0.528,0.522,12.1,0.165,0.279,0.674,6.9,5.8,6.0,0.0,1.0
NS-0838,4.8,0.459,0.204,14.9,0.21,0.424,0.755,,6.1,4.0,1.0,0.0
NS-0839,,0.595,0.099,19.9,0.172,0.56,0.717,7.0,6.2,9.0,1.0,1.0
NS-0840,6.9,0.336,0.544,14.7,0.24,0.161,0.811,12.2,5.2,9.0,0.0,0.0
NS-0841,4.3,0.38,0.207,11.5,0.191,0.269,0.756,8.7,4.6,5.0,0.0,1.0
NS-0842,4.5,0.39,,19.7,0.255,0.251,0.825,8.9,3.1,3.0,0.0,1.0
NS-0843,6.8,0.795,0.0,17.3,0.132,0.732,,10.0,5.4,5.0,0.0,0.0
NS-0844,8.8,0.633,0.499,23.5,0.199,0.513,0.799,4.9,5.6,3.0,0.0,0.0
NS-0845,1.1,0.394,0.482,16.2,0.273,0.441,0.678,9.3,5.2,6.0,0.0,1.0
NS-0846,4.9,0.435,0.399,13.5,0.205,0.297,0.825,8.6,,,1.0,0.0
NS-0847,6.9,0.5,,23.9,0.194,0.337,0.759,6.6,4.6,4.0,0.0,1.0
NS-0848,7.0,0.704,0.0,25.3,0.078,0.598,0.727,9.2,4.1,1.0,0.0,1.0
NS-0849,8.4,0.585,0.31,18.2,0.232,0.483,0.796,6.1,4.2,3.0,0.0,0.0
NS-0850,3.9,0.335,,16.5,0.217,0.127,0.809,6.7,4.3,6.0,1.0,0.0
NS-0851,8.2,0.59,0.268,20.2,0.196,0.56,0.831,3.4,5.1,3.0,0.0,1.0
NS-0852,3.1,0.423,0.25,18.0,,0.389,0.789,7.3,4.3,4.0,0.0,1.0
NS-0853,4.2,0.253,0.466,18.3,0.268,0.02,0.684,8.1,6.7,13.0,0.0,0.0
NS-0854,8.5,0.784,0.713,17.8,0.119,0.683,0.816,0.1,4.6,2.0,0.0,1.0
NS-0855,9.0,0.497,0.343,24.7,0.168,0.487,0.857,9.8,4.2,,0.0,0.0
NS-0856,5.7,0.477,0.196,24.0,0.246,0.509,0.797,6.2,7.0,7.0,,1.0
NS-0857,6.1,0.602,0.84,,0.175,0.469,0.807,,6.1,5.0,0.0,0.0
NS-0858,,0.675,0.077,19.5,0.14,0.644,0.699,8.7,5.2,4.0,0.0,0.0
NS-0859,4.1,0.478,0.484,12.6,0.19,0.302,0.776,9.3,3.7,6.0,1.0,0.0
NS-0860,5.1,0.42,0.443,22.6,0.191,0.451,0.832,11.8,3.7,11.0,0.0,0.0
NS-0861,7.6,0.39,0.188,9.9,0.278,0.362,0.677,7.2,5.7,6.0,0.0,1.0
NS-0862,4.8,,0.369,13.8,0.267,0.145,0.74,3.8,4.9,3.0,0.0,1.0
NS-0863,5.2,0.371,0.439,24.2,0.24,0.15,0.764,4.2,5.6,13.0,1.0,0.0
NS-0864,1.9,0.312,0.528,17.1,0.274,0.309,0.79,7.5,5.9,7.0,0.0,0.0
NS-0865,2.0,0.215,0.826,14.5,0.268,0.192,0.728,5.4,5.7,5.0,1.0,1.0
NS-0866,8.0,0.655,0.267,21.6,0.209,0.453,0.899,1.9,6.9,2.0,0.0,1.0
NS-0867,4.5,0.658,0.458,17.9,0.199,0.733,0.784,5.0,5.0,5.0,0.0,0.0
NS-0868,7.6,0.487,0.441,12.4,0.268,0.467,0.683,11.1,5.4,4.0,0.0,1.0
NS-0869,4.9,0.703,0.451,,0.164,0.738,0.719,4.5,4.7,2.0,0.0,0.0
NS-0870,,0.268,0.337,20.0,0.276,0.318,0.696,8.2,4.5,6.0,0.0,0.0
NS-0871,8.6,0.607,0.311,19.3,0.15,0.59,0.896,8.4,4.7,6.0,0.0,0.0
NS-0872,3.2,0.235,0.078,12.7,0.262,0.173,0.719,12.9,3.3,7.0,0.0,0.0
NS-0873,2.8,0.515,0.107,20.7,0.24,0.263,0.801,9.3,3.6,6.0,0.0,0.0
NS-0874,4.7,0.752,0.378,20.4,0.107,0.756,0.761,5.1,4.9,4.0,1.0,0.0
NS-0875,7.0,0.724,0.637,18.6,0.101,0.614,0.883,10.2,5.6,3.0,0.0,1.0
NS-0876,,0.657,0.551,20.0,0.209,0.606,0.735,10.3,5.0,7.0,0.0,1.0
NS-0877,4.1,0.329,0.361,16.3,0.285,0.157,0.66,6.9,5.7,,1.0,0.0
NS-0878,5.0,0.373,0.246,13.4,0.264,0.325,0.777,8.7,6.4,4.0,0.0,0.0
NS-0879,3.0,0.595,0.379,20.2,0.221,0.381,0.706,10.7,5.2,6.0,0.0,0.0
NS-0880,7.0,0.73,0.166,21.1,0.158,0.665,0.828,3.7,5.1,3.0,0.0,1.0
NS-0881,5.5,0.546,0.452,10.6,0.117,0.466,0.846,,4.8,3.0,,0.0
NS-0882,2.5,0.302,0.511,12.5,0.358,0.186,0.726,10.6,5.1,8.0,0.0,1.0
NS-0883,8.1,0.408,0.701,16.1,0.221,0.258,,8.9,6.1,7.0,0.0,0.0
NS-0884,4.2,0.459,0.133,18.3,0.22,0.558,0.709,8.7,4.4,4.0,0.0,0.0
NS-0885,5.0,0.271,0.654,15.4,0.326,0.208,0.793,9.2,3.2,6.0,0.0,1.0
NS-0886,5.1,0.487,0.136,20.3,0.171,0.337,0.797,4.8,4.6,3.0,0.0,0.0
NS-0887,5.8,0.638,0.384,21.0,0.169,0.522,0.892,5.2,,5.0,0.0,1.0
NS-0888,6.1,0.669,0.294,18.4,0.197,0.617,,11.2,4.3,4.0,0.0,1.0
NS-0889,3.8,0.464,0.336,19.2,0.232,0.314,0.668,10.6,4.6,4.0,1.0,0.0
NS-0890,9.4,0.432,0.0,18.2,0.303,0.333,0.859,10.9,5.4,2.0,1.0,0.0
NS-0891,3.3,0.458,0.352,19.5,0.223,0.369,0.699,5.3,4.7,5.0,0.0,0.0
NS-0892,0.7,0.455,0.401,19.7,0.232,0.474,0.725,11.4,5.6,6.0,0.0,
NS-0893,5.2,0.468,,14.6,0.203,0.36,0.648,5.4,6.2,4.0,0.0,0.0
NS-0894,4.6,0.526,0.385,29.5,0.173,0.377,0.752,6.0,5.2,4.0,0.0,0.0
NS-0895,5.1,0.409,0.5,16.4,0.164,0.277,0.714,9.0,2.8,8.0,0.0,0.0
NS-0896,2.8,0.331,0.611,18.4,0.254,0.243,0.775,6.1,4.6,7.0,0.0,1.0
NS-0897,5.2,0.475,0.486,17.5,0.195,0.406,0.74,10.5,5.0,7.0,1.0,0.0
NS-0898,7.9,0.407,0.548,19.1,0.204,0.33,0.749,5.9,4.3,13.0,0.0,0.0
NS-0899,7.0,0.647,0.647,17.9,0.107,0.631,0.857,12.3,6.0,4.0,0.0,1.0
NS-0900,6.5,0.736,0.531,15.4,0.19,0.745,0.77,7.8,5.1,1.0,0.0,0.0
NS-0901,8.0,0.523,0.415,10.6,0.176,0.496,0.738,9.2,3.8,3.0,0.0,1.0
NS-0902,3.2,0.425,0.092,15.3,0.185,0.418,0.742,14.4,4.4,3.0,0.0,1.0
NS-0903,7.0,0.805,0.378,20.3,0.074,0.683,0.852,12.4,3.1,1.0,0.0,0.0
NS-0904,6.7,0.789,0.831,,0.131,0.601,0.738,5.8,4.7,10.0,1.0,0.0
NS-0905,6.7,0.543,0.182,11.9,0.168,0.497,0.715,7.5,5.0,6.0,0.0,0.0
NS-0906,4.5,0.356,0.476,22.8,0.197,0.247,0.745,7.4,6.3,3.0,0.0,0.0
NS-0907,6.1,0.311,0.581,17.2,0.283,0.206,0.695,10.2,5.4,6.0,1.0,1.0
NS-0908,9.9,0.562,0.477,21.5,0.162,0.413,0.819,8.8,4.6,2.0,0.0,0.0
NS-0909,8.3,0.554,0.283,22.3,0.174,,0.764,5.5,4.8,3.0,1.0,
NS-0910,6.3,0.371,0.979,21.0,0.234,0.295,0.663,13.9,4.4,3.0,1.0,0.0
NS-0911,7.7,0.739,0.285,24.3,0.162,0.734,0.948,6.4,5.0,2.0,0.0,
NS-0912,7.7,0.81,0.267,27.9,0.084,0.613,0.814,10.1,4.8,3.0,0.0,1.0
NS-0913,6.6,0.491,0.0,,0.211,0.463,0.733,9.5,4.0,8.0,0.0,1.0
NS-0914,5.6,0.426,0.305,11.4,0.224,0.429,0.698,8.7,3.8,3.0,0.0,0.0
NS-0915,7.2,0.475,0.374,18.3,0.248,0.364,0.862,6.1,4.5,4.0,0.0,1.0
NS-0916,4.8,0.614,0.41,18.3,0.205,0.633,0.813,5.4,5.6,7.0,0.0,0.0
NS-0917,7.8,0.534,0.173,15.9,0.231,0.46,0.802,9.8,3.4,7.0,1.0,1.0
NS-0918,3.1,0.369,0.0,15.1,0.26,0.243,0.764,5.6,7.0,5.0,0.0,1.0
NS-0919,2.9,0.098,0.546,14.1,0.377,0.02,0.82,6.2,4.2,7.0,0.0,1.0
NS-0920,7.4,0.539,0.321,16.7,0.221,0.473,0.883,4.9,5.5,6.0,1.0,0.0
NS-0921,9.1,0.666,0.248,24.3,0.158,,0.926,2.0,5.3,2.0,0.0,1.0
NS-0922,5.4,0.638,0.009,15.1,0.126,0.527,0.803,12.9,4.6,2.0,0.0,0.0
NS-0923,6.1,0.782,0.568,17.7,0.053,0.763,0.762,8.9,5.0,3.0,0.0,1.0
NS-0924,5.5,0.64,0.33,9.2,0.236,0.624,0.749,10.2,4.8,1.0,1.0,0.0
NS-0925,3.7,0.267,0.696,,0.305,0.191,0.747,5.1,5.2,,1.0,0.0
NS-0926,6.4,0.396,0.115,22.2,0.218,0.339,0.636,2.9,5.9,6.0,0.0,1.0
NS-0927,9.2,0.643,0.204,26.0,0.165,0.394,0.845,1.6,6.6,3.0,1.0,1.0
NS-0928,9.6,0.578,0.338,14.9,0.152,0.336,0.699,11.3,4.6,2.0,0.0,1.0
NS-0929,,0.211,0.435,17.0,0.296,0.122,0.811,8.7,4.6,3.0,0.0,0.0
NS-0930,1.2,0.271,0.241,,0.266,0.222,,13.0,5.6,10.0,1.0,1.0
NS-0931,6.0,,0.188,22.9,0.243,0.5,0.714,8.1,4.8,7.0,0.0,0.0
NS-0932,6.0,0.455,0.367,26.3,0.234,0.221,0.795,4.7,4.8,1.0,,0.0
NS-0933,3.7,0.424,0.722,19.4,0.215,0.334,0.898,3.9,5.7,3.0,0.0,1.0
NS-0934,4.0,0.62,0.436,18.7,0.13,0.483,0.693,7.8,6.0,3.0,1.0,1.0
NS-0935,7.0,,0.434,16.2,0.148,0.636,0.703,5.7,6.2,,0.0,
NS-0936,5.6,0.613,0.325,16.4,0.203,0.496,0.784,4.8,4.2,2.0,0.0,1.0
NS-0937,4.7,0.498,0.234,,0.168,0.522,0.769,5.4,,9.0,0.0,0.0
NS-0938,4.9,0.523,0.261,24.9,0.192,0.331,0.766,10.8,4.7,5.0,1.0,1.0
NS-0939,4.6,0.475,0.042,17.5,0.227,0.416,0.722,13.0,5.8,5.0,0.0,1.0
NS-0940,7.9,0.59,0.145,25.3,0.178,0.59,0.697,2.2,5.4,5.0,1.0,1.0
NS-0941,2.1,0.274,0.572,18.8,0.261,0.169,0.715,11.8,5.2,8.0,0.0,0.0
NS-0942,3.5,0.587,,19.3,0.206,0.498,0.75,6.7,3.8,7.0,0.0,
NS-0943,7.9,0.565,0.263,25.2,,0.38,0.754,6.1,5.0,0.0,0.0,0.0
NS-0944,7.3,0.519,0.434,19.1,0.223,0.367,0.836,5.0,6.2,6.0,1.0,0.0
NS-0945,6.6,0.522,0.132,20.6,0.226,0.497,0.786,,4.2,0.0,1.0,1.0
NS-0946,4.0,0.376,0.594,20.8,0.207,0.174,0.896,6.7,4.8,,0.0,1.0
NS-0947,5.7,0.667,0.5,11.3,0.116,0.663,0.826,7.3,5.8,3.0,0.0,1.0
NS-0948,6.1,0.526,0.625,14.3,0.241,0.289,0.815,3.5,4.5,11.0,1.0,0.0
NS-0949,5.3,0.661,0.0,19.4,0.076,0.552,0.756,11.9,6.0,6.0,0.0,0.0
NS-0950,8.0,0.616,0.58,15.4,0.138,0.673,0.796,11.6,4.3,4.0,0.0,1.0
NS-0951,4.2,0.772,0.235,15.4,0.147,0.664,0.763,7.3,6.0,2.0,0.0,0.0
NS-0952,4.5,0.318,0.225,13.9,0.212,0.279,0.661,8.7,4.0,8.0,,1.0
NS-0953,5.5,0.322,0.323,21.8,0.262,0.172,0.744,11.6,4.2,10.0,0.0,1.0
NS-0954,4.6,0.529,0.508,17.0,0.199,0.516,0.682,7.6,4.8,5.0,1.0,1.0
NS-0955,2.9,0.544,0.14,17.9,0.191,0.419,0.898,5.9,5.4,2.0,1.0,0.0
NS-0956,0.4,0.386,0.379,21.2,0.24,0.135,0.842,7.4,4.2,,,0.0
NS-0957,4.4,0.358,0.221,11.5,0.303,0.247,0.645,15.2,4.5,4.0,0.0,1.0
NS-0958,4.1,0.704,0.415,16.4,0.076,,0.702,12.9,3.3,5.0,0.0,0.0
NS-0959,4.7,0.478,0.837,16.6,0.267,0.365,0.751,,4.9,2.0,0.0,0.0
NS-0960,3.1,0.437,0.392,,0.199,0.335,0.9,1.8,5.7,9.0,,0.0
NS-0961,7.9,0.427,0.905,17.0,0.219,0.428,0.882,6.8,4.3,5.0,1.0,0.0
NS-0962,1.4,0.395,0.574,23.5,0.197,0.365,0.721,10.3,4.7,13.0,,1.0
NS-0963,7.5,0.629,0.281,27.7,,0.446,0.653,9.0,,7.0,0.0,1.0
NS-0964,5.0,0.401,0.0,19.3,0.222,0.207,0.791,9.2,3.2,7.0,,0.0
NS-0965,3.7,0.432,0.361,25.7,0.249,,0.777,4.8,4.8,3.0,0.0,1.0
NS-0966,5.1,0.486,,14.7,0.246,0.232,0.826,5.7,4.4,8.0,0.0,1.0
NS-0967,5.4,0.549,0.266,17.7,0.236,0.498,0.747,6.6,4.3,2.0,1.0,0.0
NS-0968,6.8,0.683,0.217,19.8,0.14,0.519,0.811,6.6,6.4,1.0,0.0,1.0
NS-0969,4.9,0.343,0.41,17.1,0.215,0.19,0.776,1.2,5.5,,0.0,0.0
NS-0970,3.9,0.454,0.288,11.5,0.271,0.306,0.891,4.7,5.5,3.0,0.0,1.0
NS-0971,5.8,0.336,0.362,20.2,0.334,0.282,0.807,8.9,4.1,6.0,1.0,1.0
NS-0972,,0.633,0.349,21.1,0.197,0.566,0.794,3.0,4.5,6.0,0.0,1.0
NS-0973,4.7,0.422,0.421,23.8,0.226,0.37,0.761,,6.0,3.0,0.0,1.0
NS-0974,6.9,0.718,0.258,17.4,0.154,0.709,0.83,7.7,5.6,9.0,0.0,1.0
NS-0975,4.7,0.504,,19.9,0.175,0.426,0.787,6.3,5.0,4.0,0.0,1.0
NS-0976,,0.291,0.726,17.1,,0.184,0.799,6.8,3.2,6.0,0.0,0.0
NS-0977,3.9,0.328,0.587,26.0,0.268,0.241,0.782,11.2,4.5,2.0,0.0,0.0
NS-0978,,0.646,0.349,18.2,0.159,0.568,0.764,9.4,5.0,9.0,0.0,0.0
NS-0979,4.5,0.628,0.429,13.9,0.147,0.589,0.816,7.6,3.2,5.0,0.0,0.0
NS-0980,2.2,0.557,0.103,,0.158,0.466,0.864,6.4,4.7,1.0,,1.0
NS-0981,8.5,0.741,0.288,22.0,0.075,0.723,0.829,4.6,6.3,2.0,0.0,1.0
NS-0982,4.1,0.305,0.292,18.4,0.27,0.155,0.892,2.8,,6.0,1.0,1.0
NS-0983,8.2,0.561,0.066,26.4,0.111,0.429,0.835,2.1,6.0,1.0,1.0,0.0
NS-0984,,0.57,0.23,29.0,0.16,0.474,0.899,3.8,5.9,1.0,0.0,0.0
NS-0985,6.8,0.467,0.429,16.0,0.164,0.432,0.819,6.0,7.0,2.0,0.0,1.0
NS-0986,3.4,0.448,0.408,21.9,0.241,0.358,0.781,2.5,4.0,7.0,0.0,1.0
NS-0987,5.3,0.652,0.236,18.9,,0.445,0.731,7.8,6.3,2.0,0.0,0.0
NS-0988,3.3,0.404,0.292,18.5,0.217,0.251,0.84,10.6,5.3,4.0,0.0,1.0
NS-0989,4.0,0.508,0.592,23.2,0.186,0.477,0.793,11.7,4.8,5.0,0.0,0.0
NS-0990,7.6,0.629,0.406,19.9,0.163,0.656,0.825,2.3,4.2,,0.0,1.0
NS-0991,4.0,0.523,0.599,17.0,0.223,0.321,0.578,6.8,4.7,4.0,0.0,0.0
NS-0992,3.0,0.466,0.187,16.7,0.238,0.214,0.782,,4.9,9.0,0.0,1.0
NS-0993,5.7,0.692,0.296,14.7,0.105,0.507,0.758,5.8,4.0,2.0,0.0,
NS-0994,7.5,0.471,0.214,16.7,0.19,0.447,0.682,9.7,5.5,3.0,1.0,0.0
NS-0995,5.2,0.491,0.477,19.4,0.229,0.346,0.808,4.1,5.3,11.0,0.0,1.0
NS-0996,8.5,0.608,0.363,12.3,0.212,0.452,0.911,4.4,5.5,3.0,0.0,0.0
NS-0997,6.7,0.557,0.352,22.6,0.224,0.498,0.771,4.5,6.4,6.0,,1.0
NS-0998,7.8,0.5,0.34,15.9,0.218,0.314,0.752,,5.1,6.0,0.0,0.0
NS-0999,1.1,0.379,0.26,21.2,0.276,0.215,0.711,7.5,5.3,7.0,0.0,0.0
NS-1000,6.8,0.682,0.317,17.9,0.201,0.633,0.755,0.1,5.5,6.0,1.0,0.0
NS-1001,4.5,0.427,0.288,11.8,0.271,0.174,0.766,12.9,4.2,,,1.0
NS-1002,4.4,0.512,0.566,17.1,0.137,0.28,0.855,3.6,5.1,6.0,0.0,
NS-1003,3.5,0.568,0.426,22.0,0.204,0.506,0.622,2.6,5.2,4.0,1.0,0.0
NS-1004,5.9,0.524,0.312,15.5,0.247,0.342,0.781,17.9,,3.0,,0.0
NS-1005,5.9,0.512,0.179,,0.212,0.48,0.701,9.0,4.8,5.0,0.0,0.0
NS-1006,6.9,0.652,0.42,24.4,0.139,0.653,0.884,7.0,5.1,6.0,0.0,0.0
NS-1007,,0.268,0.389,16.9,0.274,0.141,0.888,4.1,3.8,8.0,0.0,0.0
NS-1008,7.3,0.81,0.0,16.7,0.088,,0.895,8.5,6.3,4.0,0.0,0.0
NS-1009,4.9,0.553,0.435,14.9,0.185,0.448,0.681,7.1,3.1,4.0,1.0,0.0
NS-1010,9.1,0.579,0.51,21.2,0.182,0.572,0.745,14.3,6.3,1.0,0.0,
NS-1011,10.4,0.568,0.199,19.7,0.117,0.383,0.981,8.4,5.5,0.0,0.0,0.0
NS-1012,3.6,0.458,0.23,19.7,0.275,0.505,0.78,6.7,5.1,5.0,0.0,0.0
NS-1013,3.7,,0.713,18.1,0.314,,0.708,11.7,3.4,4.0,0.0,0.0
NS-1014,7.8,0.753,0.253,19.2,0.158,0.599,0.8,3.9,7.0,1.0,0.0,1.0
NS-1015,4.1,0.328,0.116,23.3,0.216,0.219,0.902,6.1,3.9,7.0,0.0,1.0
NS-1016,3.6,0.475,0.33,15.4,0.181,,0.74,13.9,3.0,5.0,0.0,0.0
NS-1017,5.9,0.537,0.616,15.9,0.142,0.552,0.712,9.3,5.9,8.0,0.0,0.0
NS-1018,4.9,0.585,0.112,16.8,0.128,0.553,,12.0,5.5,3.0,1.0,0.0
NS-1019,6.0,0.444,0.566,18.5,0.224,0.454,0.769,4.2,4.1,5.0,0.0,1.0
NS-1020,5.3,0.326,0.352,19.1,0.319,,0.613,8.2,5.2,6.0,0.0,1.0
NS-1021,,0.503,0.215,21.9,0.229,0.622,,8.6,5.7,3.0,0.0,1.0
NS-1022,3.7,0.403,0.517,27.3,0.248,0.408,0.796,8.3,5.1,3.0,1.0,0.0
NS-1023,6.4,0.464,0.0,16.7,0.229,0.382,0.803,11.4,3.4,8.0,1.0,0.0
NS-1024,4.6,0.511,0.419,18.5,0.203,0.439,0.782,7.7,5.4,5.0,0.0,0.0
NS-1025,3.8,0.703,,21.5,0.112,0.561,0.827,1.2,4.3,8.0,1.0,0.0
NS-1026,6.7,0.493,0.488,17.9,0.194,0.405,0.736,11.1,4.8,5.0,1.0,0.0
NS-1027,5.7,0.504,0.411,21.1,0.191,0.392,0.731,7.6,4.8,14.0,0.0,1.0
NS-1028,6.9,0.678,0.222,25.5,0.094,0.691,0.713,9.1,5.1,1.0,0.0,0.0
NS-1029,1.4,0.3,0.618,13.9,0.253,0.19,0.814,9.7,3.9,,,1.0
NS-1030,6.3,0.655,0.57,19.0,0.073,0.534,0.961,,7.0,5.0,0.0,1.0
NS-1031,,,0.369,14.6,0.229,0.175,0.669,9.3,3.8,10.0,0.0,1.0
NS-1032,7.4,0.673,0.477,21.3,0.123,0.413,0.817,15.2,5.4,4.0,0.0,0.0
NS-1033,3.8,0.48,0.618,17.5,0.242,0.383,0.754,5.6,5.1,2.0,0.0,0.0
NS-1034,5.2,0.625,0.489,12.3,0.168,0.52,0.819,11.6,6.1,2.0,0.0,1.0
NS-1035,4.9,0.585,0.162,21.2,0.18,0.508,0.855,8.6,5.4,1.0,0.0,0.0
NS-1036,4.5,0.563,0.359,17.3,0.199,0.442,0.716,8.8,4.7,2.0,0.0,0.0
NS-1037,5.6,0.503,0.615,23.5,0.19,0.436,0.753,8.2,6.1,7.0,0.0,1.0
NS-1038,5.1,,0.478,27.8,0.165,0.508,0.79,,6.3,2.0,0.0,1.0
NS-1039,5.2,0.402,0.0,12.4,0.234,0.305,0.915,8.2,4.0,1.0,0.0,1.0
NS-1040,3.8,0.656,,27.5,,0.531,0.81,9.1,6.9,3.0,0.0,0.0
NS-1041,7.4,,0.397,22.6,0.186,0.233,0.862,4.7,5.9,6.0,0.0,0.0
NS-1042,4.7,0.444,0.221,19.6,0.263,0.362,0.744,8.6,4.5,2.0,0.0,1.0
NS-1043,4.4,0.373,,22.0,0.202,0.371,0.733,10.9,5.8,6.0,1.0,0.0
NS-1044,4.9,0.692,0.184,23.2,0.115,0.59,0.749,1.3,4.3,8.0,1.0,1.0
NS-1045,,,0.235,20.6,0.313,,0.817,6.6,5.1,6.0,1.0,
NS-1046,3.2,0.618,0.04,14.1,0.159,0.469,0.744,1.4,4.4,4.0,0.0,
NS-1047,5.0,0.614,0.476,21.6,0.224,0.471,0.905,11.1,5.3,5.0,0.0,1.0
NS-1048,2.9,0.4,0.473,17.3,0.22,0.073,0.804,8.3,5.1,,1.0,0.0
NS-1049,7.6,0.451,0.25,15.1,0.255,0.453,0.682,13.2,4.1,6.0,1.0,1.0
NS-1050,2.3,0.502,0.701,13.5,0.166,0.452,0.789,9.4,5.2,9.0,0.0,0.0
NS-1051,8.3,0.295,0.43,14.8,,0.09,0.731,6.9,3.9,5.0,1.0,1.0
NS-1052,5.9,0.418,0.452,10.3,0.204,0.325,0.673,9.5,3.2,5.0,0.0,1.0
NS-1053,3.8,0.586,0.004,14.1,0.141,0.502,0.799,7.7,4.4,6.0,0.0,1.0
NS-1054,7.5,0.634,0.0,20.3,0.126,0.659,0.911,,6.1,5.0,,0.0
NS-1055,8.4,0.729,0.218,20.9,0.156,0.45,0.814,4.5,5.3,4.0,0.0,1.0
NS-1056,5.5,0.469,0.502,12.6,0.241,0.438,0.782,12.7,6.0,12.0,1.0,0.0
NS-1057,4.1,0.263,0.405,17.4,0.267,0.187,0.773,8.7,3.4,5.0,0.0,0.0
NS-1058,2.5,0.234,0.371,14.4,0.209,0.036,,9.1,3.1,,0.0,0.0
NS-1059,6.1,0.468,0.59,17.9,0.223,0.445,0.844,9.4,4.1,5.0,0.0,1.0
NS-1060,3.5,0.458,0.529,15.9,0.289,0.404,0.65,4.8,5.1,5.0,1.0,1.0
NS-1061,8.6,0.716,0.16,20.9,0.142,0.642,0.762,7.5,6.2,2.0,,1.0
NS-1062,7.2,0.655,0.665,22.3,0.176,0.636,0.799,9.2,,3.0,0.0,0.0
NS-1063,7.9,0.816,0.414,24.6,0.111,0.766,0.716,6.2,5.1,1.0,0.0,0.0
NS-1064,4.8,0.478,0.094,8.2,0.218,0.469,0.776,6.2,6.2,0.0,0.0,0.0
NS-1065,7.0,0.5,0.433,24.9,0.275,0.336,0.683,7.6,7.0,6.0,0.0,0.0
NS-1066,4.8,0.436,0.412,18.1,0.258,0.441,0.769,3.1,5.4,3.0,0.0,0.0
NS-1067,,0.399,0.183,18.3,0.222,0.342,0.877,3.6,,2.0,0.0,1.0
NS-1068,3.3,0.562,0.133,16.1,0.212,0.473,0.816,7.4,4.0,10.0,1.0,1.0
NS-1069,2.6,0.352,0.621,25.5,0.187,0.359,0.821,3.3,4.9,5.0,,1.0
NS-1070,,0.307,0.0,18.2,0.271,0.02,0.799,7.5,5.4,7.0,0.0,0.0
NS-1071,7.1,0.586,0.261,18.6,0.179,0.508,0.775,7.1,6.5,6.0,0.0,
NS-1072,5.3,0.579,0.665,17.9,0.202,0.568,0.807,6.1,5.1,6.0,0.0,1.0
NS-1073,6.3,0.497,0.143,22.2,0.256,0.478,,5.3,5.8,12.0,0.0,0.0
NS-1074,6.0,0.477,0.196,20.4,0.211,0.452,0.73,6.8,4.4,5.0,0.0,1.0
NS-1075,1.8,0.451,0.539,16.4,0.31,0.377,0.76,11.3,3.4,8.0,0.0,0.0
NS-1076,6.8,0.435,0.647,20.3,0.154,0.34,0.871,6.8,4.8,5.0,1.0,1.0
NS-1077,9.4,0.393,0.0,21.0,0.285,0.357,0.921,2.9,4.5,2.0,0.0,0.0
NS-1078,2.7,0.346,0.107,21.0,0.288,0.246,0.704,12.5,3.8,,1.0,1.0
NS-1079,,0.229,0.53,21.7,0.25,0.128,,6.7,3.3,8.0,,0.0
NS-1080,3.4,0.369,0.466,15.7,0.269,0.415,0.77,1.6,4.6,5.0,1.0,1.0
NS-1081,5.0,0.183,0.189,10.1,0.304,0.224,0.595,11.1,4.2,10.0,0.0,1.0
NS-1082,,0.431,0.303,16.1,0.267,0.328,0.715,9.2,4.2,4.0,0.0,0.0
NS-1083,3.2,0.315,0.677,20.5,0.337,0.308,0.887,10.9,,5.0,0.0,0.0
NS-1084,5.0,0.514,0.091,20.3,0.139,0.452,0.717,9.6,6.0,4.0,0.0,1.0
NS-1085,5.3,,0.504,19.5,0.2,0.229,0.844,10.2,3.9,6.0,0.0,0.0
NS-1086,7.1,0.614,0.231,17.1,0.233,0.503,0.891,0.8,4.4,2.0,0.0,0.0
NS-1087,5.4,0.434,0.49,19.4,0.211,0.473,0.824,4.9,4.6,5.0,0.0,0.0
NS-1088,6.5,0.376,0.262,19.6,0.307,0.435,0.743,5.4,4.2,3.0,0.0,1.0
NS-1089,6.1,0.571,0.688,24.9,0.15,0.426,0.846,2.0,5.1,2.0,0.0,1.0
NS-1090,6.1,,,18.3,0.236,0.442,0.904,10.9,4.5,3.0,1.0,1.0
NS-1091,2.0,0.54,0.263,21.0,0.117,0.385,0.705,11.6,4.4,3.0,1.0,0.0
NS-1092,4.3,0.165,0.099,17.0,0.376,0.02,0.7,7.7,3.4,3.0,,0.0
NS-1093,3.3,0.764,0.411,17.6,0.135,0.614,0.757,2.6,6.6,4.0,0.0,0.0
NS-1094,6.4,0.595,0.301,17.0,0.21,0.403,0.771,6.5,5.6,2.0,0.0,0.0
NS-1095,5.0,0.512,0.566,16.1,,0.402,0.719,9.3,4.1,10.0,0.0,1.0
NS-1096,4.4,0.527,0.65,12.9,0.233,,0.725,,3.2,5.0,1.0,0.0
NS-1097,3.0,0.445,0.522,24.8,0.256,0.367,0.785,,4.0,9.0,0.0,
NS-1098,2.3,0.396,0.576,12.9,0.255,,0.668,8.8,,3.0,0.0,0.0
NS-1099,0.4,0.4,0.295,13.7,0.267,0.251,0.709,15.3,,5.0,1.0,1.0
NS-1100,4.5,0.44,0.219,17.1,0.239,0.285,0.695,6.8,3.1,7.0,0.0,0.0
NS-1101,3.3,0.612,0.282,,0.142,0.467,0.659,9.9,6.9,4.0,1.0,0.0
NS-1102,4.3,0.452,0.36,15.3,0.236,0.171,0.713,3.5,4.2,5.0,,0.0
NS-1103,4.4,0.452,0.548,19.6,0.205,0.369,0.834,,5.9,4.0,1.0,0.0
NS-1104,3.8,0.263,0.401,24.3,0.292,0.243,0.826,5.1,3.4,5.0,0.0,1.0
NS-1105,7.1,,0.358,20.2,0.15,0.521,0.726,,4.8,4.0,0.0,0.0
NS-1106,5.5,0.43,0.224,22.5,0.195,0.239,0.728,12.7,3.3,7.0,0.0,1.0
NS-1107,7.4,0.561,0.538,24.6,0.26,0.41,0.97,0.7,6.3,5.0,0.0,0.0
NS-1108,5.8,0.622,0.421,13.6,0.128,0.408,0.747,4.1,2.5,4.0,0.0,
NS-1109,4.8,0.836,0.227,24.1,0.131,,0.673,7.3,6.2,3.0,0.0,
NS-1110,5.0,0.547,0.448,29.1,0.181,0.343,0.72,0.5,3.8,7.0,1.0,0.0
NS-1111,6.0,0.601,0.381,20.1,0.192,0.546,0.827,5.8,4.5,5.0,0.0,0.0
NS-1112,7.3,0.702,0.38,17.4,0.142,0.369,0.972,5.5,5.2,1.0,1.0,1.0
NS-1113,3.0,0.455,0.516,14.2,0.26,0.515,0.782,9.6,4.1,2.0,,0.0
NS-1114,3.7,0.59,0.317,21.7,0.221,0.604,0.78,6.4,5.3,7.0,0.0,1.0
NS-1115,,0.494,0.0,15.4,0.181,0.44,0.796,7.6,4.0,3.0,0.0,0.0
NS-1116,,,0.348,16.9,0.294,0.216,0.73,10.9,3.9,,0.0,0.0
NS-1117,6.6,0.452,0.637,16.1,0.191,0.28,0.707,10.9,4.5,5.0,0.0,0.0
NS-1118,10.0,0.498,0.388,21.9,0.196,0.448,0.782,,4.7,6.0,0.0,0.0
NS-1119,5.0,0.503,0.392,14.0,0.19,,0.745,6.9,5.7,6.0,0.0,0.0
NS-1120,4.2,0.376,0.287,12.3,0.243,0.252,,8.7,7.0,6.0,0.0,1.0
NS-1121,5.1,0.517,0.629,19.1,0.218,0.45,0.759,10.7,4.4,10.0,0.0,0.0
NS-1122,6.1,0.662,0.323,26.7,0.133,0.596,0.795,9.1,5.5,1.0,0.0,1.0
NS-1123,5.3,0.609,0.343,21.6,0.182,0.506,0.796,5.4,5.0,11.0,0.0,1.0
NS-1124,8.1,0.682,0.412,22.9,0.158,0.674,0.881,3.0,5.2,4.0,0.0,0.0
NS-1125,8.7,0.783,0.063,23.3,,0.862,0.818,7.3,5.6,1.0,0.0,0.0
NS-1126,8.5,0.608,0.482,22.6,0.171,0.57,0.847,2.5,4.1,3.0,0.0,0.0
NS-1127,3.4,,0.358,15.2,0.192,0.402,0.871,,4.9,3.0,0.0,1.0
NS-1128,6.8,0.468,0.275,23.5,0.23,0.315,0.943,7.4,6.7,3.0,0.0,1.0
NS-1129,3.8,0.593,0.677,21.3,0.167,0.481,0.766,5.1,6.9,2.0,,1.0
NS-1130,6.4,0.643,,16.5,0.144,0.685,0.847,5.7,6.3,2.0,0.0,0.0
NS-1131,2.7,0.452,0.654,20.6,0.219,0.239,0.665,13.1,5.6,7.0,0.0,1.0
NS-1132,6.0,0.683,0.415,29.0,,0.583,0.639,10.3,4.1,2.0,0.0,1.0
NS-1133,7.6,0.601,0.237,19.5,0.17,0.535,0.866,6.6,5.1,2.0,,1.0
NS-1134,3.7,0.429,0.182,14.0,,0.403,0.895,7.1,5.3,2.0,1.0,0.0
NS-1135,7.3,0.615,0.459,20.4,0.202,0.53,0.797,4.9,3.4,4.0,1.0,
NS-1136,8.5,0.534,0.145,13.8,0.268,0.463,0.877,8.3,5.8,3.0,1.0,1.0
NS-1137,6.1,0.438,0.327,29.0,0.234,0.347,0.772,6.4,4.2,6.0,0.0,1.0
NS-1138,6.1,0.318,0.667,25.7,0.231,0.233,0.587,9.7,6.0,5.0,0.0,0.0
NS-1139,4.9,0.236,0.536,14.5,0.262,0.02,0.863,9.7,6.4,3.0,0.0,0.0
NS-1140,4.7,0.638,0.607,14.6,0.167,,0.76,4.3,4.6,3.0,0.0,0.0
NS-1141,4.7,0.65,0.413,12.6,0.224,0.637,0.774,8.1,5.5,3.0,1.0,0.0
NS-1142,4.3,0.364,0.466,12.4,0.25,0.18,,9.4,3.9,,0.0,0.0
NS-1143,5.8,0.418,0.629,19.4,0.23,0.356,0.737,8.0,4.2,5.0,0.0,1.0
NS-1144,5.7,0.603,0.542,20.7,0.196,0.43,0.707,6.7,5.7,2.0,0.0,0.0
NS-1145,1.5,0.211,0.34,14.8,0.267,0.045,0.827,10.1,,4.0,0.0,0.0
NS-1146,6.8,0.729,0.353,25.4,0.078,0.607,,11.1,5.2,1.0,,1.0
NS-1147,9.4,0.58,0.227,24.7,0.199,0.495,0.861,5.5,6.3,4.0,1.0,1.0
NS-1148,6.6,0.326,0.411,14.8,0.244,0.157,0.814,11.2,4.1,3.0,0.0,1.0
NS-1149,4.3,0.366,0.414,16.7,0.226,0.314,0.732,11.1,4.4,3.0,0.0,0.0
NS-1150,6.6,0.606,0.313,21.3,,0.436,0.828,5.0,5.0,6.0,0.0,1.0
NS-1151,3.9,0.359,0.563,12.6,0.242,0.32,0.807,6.4,5.4,5.0,0.0,0.0
NS-1152,7.4,0.428,0.045,18.1,0.303,0.361,0.638,11.0,5.3,6.0,1.0,1.0
NS-1153,4.2,0.531,0.895,15.8,0.154,0.33,0.745,14.8,3.5,12.0,0.0,0.0
NS-1154,6.8,0.585,0.187,19.8,0.181,0.608,0.838,5.7,5.0,7.0,0.0,0.0
NS-1155,6.9,0.504,0.206,27.7,0.25,0.472,0.854,5.7,,7.0,0.0,0.0
NS-1156,7.9,0.719,,22.0,0.19,,0.888,0.1,6.2,2.0,0.0,0.0
NS-1157,9.0,0.779,0.0,23.5,0.143,0.796,0.921,4.0,4.6,3.0,0.0,0.0
NS-1158,5.4,0.563,0.792,26.3,0.153,0.393,0.727,8.9,4.5,5.0,0.0,
NS-1159,6.4,0.674,0.013,23.6,0.129,0.662,0.822,,6.4,6.0,0.0,0.0
NS-1160,6.7,0.708,0.169,16.2,0.22,0.759,,10.6,2.2,6.0,0.0,1.0
NS-1161,6.8,0.549,0.353,17.3,0.172,0.427,0.693,6.6,5.3,2.0,1.0,0.0
NS-1162,6.8,0.579,0.198,21.4,0.158,0.442,0.976,4.8,5.2,8.0,1.0,0.0
NS-1163,3.4,0.431,0.597,16.9,0.231,0.397,0.677,5.0,,7.0,1.0,1.0
NS-1164,5.1,0.404,0.181,24.6,0.225,0.165,0.667,3.9,4.5,12.0,0.0,0.0
NS-1165,5.3,0.236,0.789,17.1,0.288,0.166,0.918,5.0,,9.0,0.0,1.0
NS-1166,,0.395,0.5,14.9,0.145,0.101,,1.0,5.9,4.0,0.0,0.0
NS-1167,6.1,0.48,0.383,18.5,0.194,0.34,0.715,3.9,5.2,7.0,1.0,0.0
NS-1168,7.8,0.425,0.31,24.4,0.23,0.331,0.892,5.9,6.5,6.0,0.0,1.0
NS-1169,4.6,0.51,0.344,22.1,0.174,0.389,0.765,3.9,4.3,8.0,0.0,0.0
NS-1170,5.2,0.331,0.58,22.5,0.217,0.322,0.791,7.6,5.1,5.0,1.0,0.0
NS-1171,4.9,0.279,0.292,15.0,0.309,0.118,0.821,9.7,3.5,8.0,0.0,1.0
NS-1172,5.2,0.518,0.037,,0.17,0.443,0.844,7.5,4.3,6.0,0.0,0.0
NS-1173,6.4,0.55,0.264,25.5,0.234,0.426,0.805,0.1,4.5,7.0,0.0,0.0
NS-1174,3.9,0.593,0.4,21.5,0.186,0.498,0.812,7.1,4.5,5.0,1.0,0.0
NS-1175,4.7,0.528,0.584,17.7,0.17,0.499,0.823,7.7,4.0,4.0,1.0,0.0
NS-1176,2.9,0.337,0.629,17.5,0.307,0.228,0.797,7.8,5.1,7.0,0.0,0.0
NS-1177,4.0,0.494,0.485,19.2,0.248,0.304,0.772,,4.1,3.0,1.0,1.0
NS-1178,7.1,0.401,0.094,18.6,0.244,0.485,0.885,13.2,5.2,13.0,,0.0
NS-1179,4.8,0.67,0.186,18.8,0.151,0.607,0.796,6.8,,1.0,0.0,1.0
NS-1180,5.1,0.447,0.188,19.0,0.217,0.287,0.61,6.7,5.0,5.0,0.0,1.0
NS-1181,8.6,0.628,0.259,22.5,0.133,0.434,0.872,0.1,4.2,5.0,0.0,1.0
NS-1182,5.7,0.395,0.407,15.7,0.276,0.257,0.864,2.9,4.7,9.0,0.0,0.0
NS-1183,8.7,0.559,0.348,23.7,0.15,0.64,0.863,8.3,5.7,3.0,0.0,1.0
NS-1184,5.9,0.396,0.37,15.7,0.227,0.384,0.647,6.3,2.8,4.0,0.0,0.0
NS-1185,3.9,0.353,0.697,19.6,0.299,0.264,0.793,10.3,7.0,7.0,0.0,1.0
NS-1186,6.6,0.864,0.0,18.2,0.1,0.832,0.887,,5.5,,1.0,0.0
NS-1187,4.9,0.438,0.616,18.9,0.151,0.231,0.592,6.5,4.0,4.0,0.0,1.0
NS-1188,4.2,0.586,0.524,18.7,0.186,0.517,0.75,2.8,5.4,3.0,1.0,0.0
NS-1189,2.8,,0.569,21.1,0.245,0.45,0.778,1.8,5.8,9.0,0.0,0.0
NS-1190,8.9,0.636,0.194,20.1,0.215,0.32,0.876,4.4,4.5,4.0,0.0,0.0
NS-1191,6.0,0.652,0.409,14.5,0.152,0.582,0.775,,5.2,2.0,0.0,
NS-1192,4.5,0.601,0.138,20.7,0.179,0.739,0.808,12.1,4.8,1.0,0.0,0.0
NS-1193,5.8,,0.366,20.1,0.282,0.251,0.746,,6.4,7.0,0.0,0.0
NS-1194,2.6,0.6,0.525,21.0,0.159,0.434,0.692,0.8,6.0,4.0,0.0,0.0
NS-1195,5.8,,0.104,19.8,0.277,0.083,0.785,11.7,3.8,7.0,0.0,1.0
NS-1196,6.0,0.355,0.569,13.1,0.179,0.26,0.663,5.6,2.3,8.0,1.0,0.0
NS-1197,6.5,0.697,0.38,28.3,0.155,0.725,0.766,2.4,5.4,2.0,0.0,0.0
NS-1198,3.5,0.443,0.419,17.9,0.176,0.235,0.631,7.4,,7.0,0.0,0.0
NS-1199,4.0,0.496,0.378,12.4,0.181,0.451,0.802,6.6,4.3,9.0,0.0,1.0
NS-1200,3.9,0.519,0.579,23.1,0.18,,0.797,8.1,5.7,3.0,0.0,1.0
NS-1201,9.8,0.428,0.543,18.4,0.21,0.357,0.788,5.5,4.6,6.0,1.0,1.0
NS-1202,6.6,0.46,0.269,20.2,0.214,0.059,0.681,5.3,4.7,8.0,1.0,1.0
NS-1203,5.3,0.585,0.617,21.1,0.18,0.45,,,6.5,6.0,0.0,0.0
NS-1204,5.0,0.586,0.286,26.2,0.221,0.493,0.871,5.5,5.9,,0.0,1.0
NS-1205,4.0,0.316,0.608,17.2,0.322,0.167,0.848,8.1,4.2,5.0,1.0,1.0
NS-1206,5.0,,0.354,,0.217,0.357,0.765,9.8,2.6,7.0,0.0,0.0
NS-1207,6.1,0.53,0.266,28.1,0.239,0.372,0.936,3.6,6.0,1.0,0.0,0.0
NS-1208,2.2,0.505,0.371,20.0,0.297,0.41,0.777,3.0,4.1,7.0,1.0,0.0
NS-1209,6.0,0.466,0.581,16.8,0.16,0.432,0.665,8.0,5.8,6.0,1.0,1.0
NS-1210,7.3,0.606,0.107,21.2,0.152,0.624,0.708,5.7,4.9,5.0,0.0,1.0
NS-1211,8.4,0.69,0.247,,0.191,0.469,0.702,2.3,3.1,2.0,0.0,1.0
NS-1212,4.8,0.413,0.278,17.0,0.227,0.244,,6.9,4.3,6.0,0.0,0.0
NS-1213,4.0,0.45,0.451,,0.27,0.28,0.703,14.8,5.1,4.0,0.0,0.0
NS-1214,2.2,0.265,0.525,11.4,0.241,0.096,0.689,11.5,3.4,6.0,1.0,1.0
NS-1215,6.6,0.483,0.552,16.6,0.201,0.327,0.92,6.9,5.7,5.0,0.0,1.0
NS-1216,2.6,0.446,0.264,16.8,0.301,0.353,0.77,5.3,5.5,7.0,1.0,1.0
NS-1217,2.2,0.439,0.504,18.6,0.19,0.559,0.629,11.1,4.1,,0.0,
NS-1218,5.4,0.44,0.461,,0.214,0.367,0.699,7.6,3.8,1.0,,1.0
NS-1219,7.0,0.579,0.052,24.1,0.213,0.548,0.751,6.8,5.4,4.0,0.0,0.0
NS-1220,2.9,0.308,,21.0,0.267,0.479,0.558,14.2,4.9,7.0,0.0,1.0
NS-1221,3.4,0.528,0.294,,0.227,0.535,0.721,6.7,5.4,4.0,0.0,1.0
NS-1222,3.9,0.495,0.533,24.3,0.167,0.287,0.879,5.0,4.9,5.0,0.0,
NS-1223,3.8,0.225,0.46,15.0,0.277,0.161,0.741,12.9,4.5,5.0,0.0,0.0
NS-1224,7.3,0.641,0.176,22.6,0.115,0.655,0.762,4.9,4.7,2.0,0.0,1.0
NS-1225,9.2,0.698,0.0,17.2,0.238,0.531,0.801,2.8,4.6,5.0,1.0,0.0
NS-1226,5.1,0.408,0.31,17.9,0.231,0.307,0.717,9.2,4.8,7.0,0.0,0.0
NS-1227,,0.535,0.378,17.7,0.215,0.553,0.91,5.8,5.8,4.0,0.0,0.0
NS-1228,6.1,0.404,0.369,16.4,0.229,0.397,0.795,2.6,6.3,9.0,0.0,1.0
NS-1229,3.4,0.438,0.242,24.6,0.269,0.217,0.849,10.6,4.3,6.0,1.0,0.0
NS-1230,4.0,0.424,0.282,23.1,0.21,0.346,0.744,7.4,5.4,8.0,1.0,1.0
NS-1231,2.9,0.377,0.694,8.7,0.24,0.353,0.706,14.4,5.1,4.0,0.0,1.0
NS-1232,5.7,0.512,0.156,18.4,0.203,0.474,0.805,5.0,5.8,4.0,0.0,0.0
NS-1233,3.3,0.263,0.479,22.3,,0.191,0.626,5.2,5.3,10.0,0.0,0.0
NS-1234,5.4,0.514,0.614,22.4,0.257,0.346,0.748,11.2,6.2,6.0,0.0,0.0
NS-1235,5.8,0.53,0.525,20.9,0.163,0.401,0.776,11.1,5.7,5.0,0.0,1.0
NS-1236,8.1,,0.191,25.2,0.147,0.891,0.846,8.0,5.0,3.0,0.0,0.0
NS-1237,3.1,0.597,0.257,24.8,,0.362,0.85,4.4,3.2,5.0,0.0,0.0
NS-1238,5.0,0.615,0.234,21.6,0.213,0.626,0.834,6.7,5.1,7.0,1.0,1.0
NS-1239,8.5,0.664,0.423,18.0,0.213,0.61,0.741,5.8,3.9,3.0,0.0,0.0
NS-1240,9.3,0.78,0.188,12.3,,0.597,0.821,10.3,5.0,3.0,0.0,1.0
NS-1241,2.8,0.366,0.191,20.4,0.285,0.368,0.835,5.8,3.1,5.0,1.0,0.0
NS-1242,4.3,0.526,0.365,16.7,0.183,0.408,0.82,3.0,4.9,5.0,0.0,1.0
NS-1243,4.0,0.509,0.258,21.0,0.253,0.343,0.963,10.2,5.2,4.0,0.0,1.0
NS-1244,6.2,0.48,0.332,21.3,0.211,0.452,0.739,11.8,5.4,,1.0,1.0
NS-1245,2.4,0.195,0.421,18.5,0.381,0.077,0.788,6.3,3.9,7.0,0.0,0.0
NS-1246,3.9,0.379,0.569,12.7,0.201,0.396,0.804,9.1,5.3,9.0,0.0,1.0
NS-1247,7.4,0.563,0.146,22.2,0.113,0.538,0.681,2.7,5.3,6.0,0.0,0.0
NS-1248,8.7,0.503,0.491,20.4,0.21,0.508,0.778,11.1,5.2,4.0,0.0,0.0
NS-1249,5.0,0.726,0.093,25.0,0.08,0.668,0.732,6.0,5.9,,0.0,0.0
NS-1250,5.6,,0.183,15.8,0.184,0.523,0.561,5.9,4.0,3.0,0.0,0.0
NS-1251,7.8,0.625,0.291,20.1,0.148,0.393,0.851,8.4,5.6,0.0,0.0,0.0
NS-1252,5.1,,0.368,22.0,0.22,0.208,0.887,8.6,6.4,9.0,0.0,0.0
NS-1253,3.3,0.436,0.104,23.0,0.224,0.245,0.841,11.0,5.8,,0.0,1.0
NS-1254,5.5,0.449,0.602,16.6,0.241,0.383,0.83,9.2,5.8,3.0,0.0,0.0
NS-1255,3.4,0.595,,12.8,0.163,0.653,0.604,16.1,4.4,10.0,0.0,0.0
NS-1256,5.2,0.726,0.291,23.9,0.123,0.617,,8.2,4.9,1.0,0.0,0.0
NS-1257,,0.448,0.951,14.3,0.267,0.443,0.764,9.0,4.0,11.0,1.0,0.0
NS-1258,6.7,0.607,0.368,15.4,0.173,0.477,0.725,10.5,4.2,1.0,0.0,1.0
NS-1259,3.3,0.355,0.164,23.4,0.31,,0.712,10.9,4.2,2.0,1.0,1.0
NS-1260,6.5,0.386,0.0,15.8,0.288,0.24,0.887,7.3,4.5,3.0,,0.0
NS-1261,5.8,0.34,0.163,24.2,0.233,0.19,0.691,8.0,4.4,8.0,0.0,1.0
NS-1262,4.1,0.307,0.434,15.9,0.288,0.208,0.682,6.8,3.7,8.0,1.0,0.0
NS-1263,5.3,0.671,0.279,20.7,0.187,0.601,0.721,7.6,5.2,2.0,0.0,0.0
NS-1264,3.3,0.207,0.462,15.4,0.268,0.125,0.674,13.8,3.6,7.0,1.0,0.0
NS-1265,5.6,0.498,0.401,16.4,0.221,0.378,0.755,14.7,5.4,4.0,1.0,1.0
NS-1266,,0.673,,21.4,0.146,0.562,0.703,7.4,4.6,0.0,0.0,0.0
NS-1267,7.1,0.381,0.293,13.2,0.232,0.301,0.88,2.6,4.6,12.0,0.0,0.0
NS-1268,9.0,0.478,0.18,28.5,0.265,0.357,0.798,1.4,5.1,3.0,0.0,0.0
NS-1269,4.5,,0.375,21.9,0.264,0.333,0.829,12.5,5.0,7.0,0.0,1.0
NS-1270,8.3,0.4,0.336,17.9,0.308,,0.734,5.3,4.8,5.0,0.0,1.0
NS-1271,5.1,0.473,0.226,18.2,0.276,0.321,0.842,6.6,6.1,3.0,0.0,0.0
NS-1272,1.3,0.345,0.228,15.3,0.256,0.248,0.655,11.6,5.3,10.0,0.0,0.0
NS-1273,5.7,0.554,0.23,20.5,0.208,0.415,0.668,2.6,4.1,4.0,0.0,0.0
NS-1274,2.9,0.609,0.48,17.7,0.136,0.536,0.864,5.8,5.4,6.0,0.0,1.0
NS-1275,5.8,0.557,0.171,26.4,0.177,,0.755,12.3,3.1,,1.0,0.0
NS-1276,4.5,0.578,0.35,18.8,0.166,0.462,0.729,7.0,5.9,5.0,1.0,0.0
NS-1277,3.0,0.365,0.095,17.8,0.265,0.193,0.803,10.9,3.4,9.0,0.0,1.0
NS-1278,5.4,0.367,,13.6,0.221,0.321,0.826,9.2,4.9,0.0,0.0,1.0
NS-1279,7.9,0.572,0.606,19.2,0.22,0.515,0.802,,5.5,5.0,0.0,0.0
NS-1280,5.3,0.504,0.263,14.9,0.224,0.35,0.803,7.2,5.8,6.0,0.0,1.0
NS-1281,6.2,0.568,0.058,30.0,0.108,0.377,0.93,5.1,5.5,2.0,0.0,
NS-1282,7.5,0.56,,,0.229,0.303,,7.4,3.8,2.0,0.0,1.0
NS-1283,3.2,0.295,,18.5,0.322,0.091,0.783,12.6,3.0,6.0,0.0,0.0
NS-1284,4.1,0.647,0.15,22.4,0.246,0.618,0.69,6.2,4.5,,0.0,0.0
NS-1285,2.9,0.528,0.719,20.3,0.145,0.395,0.908,13.4,3.4,5.0,0.0,0.0
NS-1286,1.1,0.193,0.521,17.3,0.306,0.069,0.619,13.2,3.8,5.0,0.0,1.0
NS-1287,6.3,0.447,0.278,18.6,0.283,0.22,0.757,13.3,5.5,2.0,,0.0
NS-1288,7.7,0.609,0.391,17.0,0.212,0.565,,5.8,4.8,2.0,0.0,0.0
NS-1289,5.2,0.267,0.378,25.9,0.245,0.453,0.865,6.7,6.9,8.0,1.0,1.0
NS-1290,3.9,0.312,0.333,12.4,0.282,0.237,0.931,7.8,5.3,8.0,1.0,0.0
NS-1291,3.1,0.671,0.172,19.6,0.12,0.476,0.666,12.7,5.2,3.0,0.0,1.0
NS-1292,4.7,0.37,0.475,9.9,0.227,0.424,0.761,9.7,5.6,,0.0,0.0
NS-1293,4.6,0.475,0.397,21.5,0.192,0.48,0.712,10.3,5.2,4.0,0.0,
NS-1294,4.9,0.555,0.598,22.7,0.197,,0.715,12.8,4.6,7.0,1.0,0.0
NS-1295,,0.403,0.595,26.3,,0.252,0.703,11.1,5.3,6.0,1.0,1.0
NS-1296,4.9,0.63,0.476,21.8,0.141,0.573,0.977,1.9,3.9,5.0,,1.0
NS-1297,6.3,0.455,0.485,28.2,0.252,0.331,,15.5,5.7,4.0,0.0,0.0
NS-1298,5.9,0.503,0.0,19.0,0.225,0.274,0.861,7.6,4.8,3.0,0.0,0.0
NS-1299,,0.486,0.383,21.1,0.192,0.355,0.745,6.5,5.5,9.0,0.0,0.0
NS-1300,3.2,0.381,0.394,14.9,0.221,0.34,0.73,3.0,5.6,7.0,0.0,0.0
NS-1301,6.8,0.679,0.131,15.1,0.185,0.729,0.838,7.4,5.5,3.0,0.0,
NS-1302,6.8,,0.422,16.5,0.223,0.489,0.695,7.0,6.7,4.0,0.0,
NS-1303,6.3,0.446,0.044,27.6,0.195,0.376,0.758,6.7,5.0,3.0,0.0,0.0
NS-1304,3.4,0.484,0.634,20.5,0.21,0.416,0.87,11.5,3.5,8.0,0.0,1.0
NS-1305,5.8,0.337,0.676,17.1,0.297,0.114,0.654,13.1,3.8,9.0,0.0,0.0
NS-1306,5.4,0.579,0.337,18.2,0.168,0.65,0.874,4.8,4.5,2.0,0.0,0.0
NS-1307,7.4,0.455,0.332,24.6,0.249,,0.839,6.7,4.9,5.0,0.0,1.0
NS-1308,7.1,0.764,0.066,18.5,0.147,0.636,0.908,4.1,5.9,3.0,0.0,0.0
NS-1309,3.2,0.628,0.223,28.2,0.132,0.534,,9.0,3.9,1.0,1.0,0.0
NS-1310,7.8,0.719,0.242,25.6,0.101,0.701,0.803,10.2,4.5,1.0,0.0,1.0
NS-1311,6.8,0.573,0.391,27.2,0.171,0.43,0.794,7.2,,3.0,0.0,1.0
NS-1312,5.3,0.363,0.279,27.7,0.258,0.345,0.835,1.9,4.8,4.0,,0.0
NS-1313,8.0,0.47,0.263,26.6,0.277,0.298,0.922,5.0,4.3,8.0,0.0,0.0
NS-1314,5.7,0.452,0.408,15.0,0.188,0.291,0.925,7.0,3.8,2.0,0.0,0.0
NS-1315,3.4,0.628,0.105,19.0,0.192,0.691,0.732,,5.4,2.0,0.0,1.0
NS-1316,4.5,0.579,0.164,19.0,0.197,0.518,0.703,16.5,5.1,6.0,1.0,0.0
NS-1317,3.9,0.521,0.216,19.2,0.234,0.361,0.698,11.5,4.3,9.0,0.0,0.0
NS-1318,3.3,0.395,0.532,23.8,0.254,0.26,0.757,6.7,4.9,3.0,0.0,0.0
NS-1319,5.4,0.586,,17.2,0.188,0.46,0.759,,4.3,6.0,1.0,1.0
NS-1320,6.1,0.615,0.259,20.3,0.153,0.43,0.799,8.6,,2.0,0.0,1.0
NS-1321,5.3,0.166,0.727,17.1,0.29,0.119,0.858,9.4,4.6,2.0,1.0,1.0
NS-1322,9.3,0.436,0.248,18.6,0.275,0.291,0.889,5.3,4.6,6.0,0.0,0.0
NS-1323,4.1,0.427,0.0,26.4,0.213,0.317,0.979,7.0,4.9,5.0,1.0,0.0
NS-1324,3.4,0.548,0.201,28.0,0.122,0.466,0.734,8.9,5.8,8.0,0.0,1.0
NS-1325,5.4,0.445,0.212,,0.275,0.421,0.762,3.6,5.3,7.0,0.0,1.0
NS-1326,7.1,0.513,,29.3,0.175,0.323,0.827,3.1,4.7,6.0,0.0,0.0
NS-1327,6.0,0.626,0.041,15.4,0.147,0.558,0.875,7.4,4.4,5.0,0.0,1.0
NS-1328,6.4,0.592,0.673,21.2,0.159,0.446,0.767,6.7,,5.0,0.0,1.0
NS-1329,1.6,0.52,0.314,14.6,0.208,0.413,0.882,7.8,5.9,8.0,0.0,0.0
NS-1330,5.9,0.608,0.33,29.4,0.166,0.416,0.784,7.0,4.3,5.0,0.0,0.0
NS-1331,2.0,0.502,0.452,13.8,0.207,0.45,0.813,2.6,4.1,5.0,,0.0
NS-1332,5.7,0.668,0.559,23.8,0.111,0.543,0.853,7.0,4.8,5.0,0.0,0.0
NS-1333,4.3,0.456,0.249,12.4,0.252,0.284,0.878,5.9,5.5,1.0,0.0,0.0
NS-1334,4.5,0.474,0.699,19.1,0.202,0.324,0.698,14.0,3.8,7.0,1.0,1.0
NS-1335,6.9,0.798,0.121,24.5,0.09,0.789,0.755,2.5,5.1,2.0,,0.0
NS-1336,6.7,0.48,0.479,19.0,,0.503,0.781,2.5,2.4,5.0,0.0,0.0
NS-1337,5.5,0.752,0.201,17.6,0.142,0.602,0.85,4.2,6.7,1.0,0.0,0.0
NS-1338,5.7,0.404,0.064,18.5,0.269,0.423,0.859,6.0,4.2,8.0,0.0,0.0
NS-1339,6.1,0.568,0.446,23.0,0.208,0.432,0.864,6.8,,5.0,1.0,0.0
NS-1340,5.6,0.648,0.34,15.9,0.127,0.632,0.811,3.7,6.4,2.0,0.0,0.0
NS-1341,5.8,0.392,0.558,24.6,0.259,,0.779,4.7,3.6,2.0,0.0,0.0
NS-1342,8.5,0.378,0.418,,0.316,0.435,0.691,7.0,5.1,5.0,0.0,1.0
NS-1343,8.0,0.635,0.088,23.1,0.192,0.568,0.845,7.0,3.8,2.0,0.0,0.0
NS-1344,6.5,0.728,0.431,16.3,0.121,0.437,0.783,2.7,3.7,2.0,0.0,0.0
NS-1345,6.2,0.693,0.385,18.8,0.126,0.552,0.767,3.4,6.6,2.0,0.0,0.0
NS-1346,5.0,0.288,0.708,20.1,0.228,0.221,0.65,11.0,4.0,3.0,1.0,0.0
NS-1347,6.0,0.355,0.549,12.0,,0.231,0.918,13.4,4.7,3.0,0.0,0.0
NS-1348,6.2,0.436,0.19,15.2,0.269,0.192,0.823,3.8,5.0,2.0,0.0,1.0
NS-1349,3.1,0.471,0.11,26.4,,0.322,0.709,3.3,4.6,8.0,0.0,0.0
NS-1350,4.3,0.345,0.47,21.9,0.284,0.185,0.845,6.8,3.3,6.0,0.0,0.0
NS-1351,3.0,,0.35,17.6,,0.335,0.803,10.9,4.9,9.0,0.0,0.0
NS-1352,3.7,0.21,0.32,13.5,0.384,0.194,0.602,6.6,4.0,6.0,0.0,1.0
NS-1353,5.7,0.684,,20.5,0.193,0.541,0.758,9.2,4.2,5.0,0.0,0.0
NS-1354,5.7,,0.603,17.8,0.236,0.308,,4.7,5.5,2.0,1.0,1.0
NS-1355,4.6,0.374,0.063,22.7,0.259,0.285,0.813,7.3,4.2,8.0,0.0,0.0
NS-1356,5.1,0.54,0.452,17.4,0.185,0.528,0.686,4.4,6.6,5.0,,0.0
NS-1357,6.0,0.479,0.299,20.7,0.231,0.14,0.604,3.0,5.3,5.0,1.0,0.0
NS-1358,4.8,0.659,0.443,18.0,0.128,0.45,0.697,8.5,6.4,1.0,1.0,1.0
NS-1359,4.9,0.467,0.094,14.0,0.261,0.299,0.811,5.7,3.8,5.0,0.0,0.0
NS-1360,5.1,0.539,0.0,18.2,0.24,0.343,0.842,1.4,6.2,2.0,1.0,0.0
NS-1361,2.2,0.507,0.455,15.9,0.267,0.417,0.794,11.1,4.4,10.0,1.0,0.0
NS-1362,5.3,0.514,0.093,19.8,,0.321,0.796,7.6,5.2,4.0,0.0,0.0
NS-1363,6.5,0.584,0.397,21.7,0.246,0.49,0.701,5.4,4.2,3.0,0.0,1.0
NS-1364,4.7,0.493,,20.7,0.182,0.27,0.798,6.2,3.9,3.0,0.0,0.0
NS-1365,7.6,,0.299,17.0,0.195,0.394,0.71,,3.9,10.0,0.0,0.0
NS-1366,7.2,0.601,0.173,18.2,0.095,0.393,0.779,10.4,6.1,6.0,1.0,1.0
NS-1367,3.4,0.587,,21.5,0.097,,0.824,2.1,6.9,8.0,0.0,0.0
NS-1368,3.2,0.184,0.079,18.8,0.318,0.06,0.622,10.9,4.1,6.0,0.0,0.0
NS-1369,5.8,0.605,0.352,18.1,0.224,0.417,0.702,8.6,3.5,4.0,0.0,1.0
NS-1370,4.2,0.547,0.03,22.0,0.155,0.33,0.708,5.5,5.7,,0.0,1.0
NS-1371,,0.34,0.007,21.9,0.224,0.203,,12.8,3.5,6.0,0.0,0.0
NS-1372,5.7,0.527,0.582,16.4,0.185,0.472,0.892,3.6,4.4,7.0,0.0,1.0
NS-1373,5.5,0.599,0.337,20.0,0.176,0.433,0.853,6.6,5.3,5.0,0.0,0.0
NS-1374,4.6,0.468,0.623,18.9,0.235,0.486,0.699,8.8,5.0,2.0,1.0,1.0
NS-1375,4.2,0.578,0.412,13.3,0.177,0.511,0.825,11.8,4.8,3.0,0.0,1.0
NS-1376,3.9,0.605,0.217,14.5,0.172,0.535,0.888,10.0,3.7,6.0,0.0,0.0
NS-1377,5.8,0.325,0.697,23.2,0.284,0.238,0.747,8.2,5.5,6.0,0.0,1.0
NS-1378,7.4,0.846,0.49,,0.09,0.936,0.818,4.5,4.8,4.0,0.0,0.0
NS-1379,4.3,0.409,0.404,,0.3,0.394,0.795,9.5,3.6,10.0,0.0,1.0
NS-1380,5.1,0.66,0.35,16.2,0.194,0.523,0.822,5.1,6.3,1.0,1.0,0.0
NS-1381,4.1,0.47,0.648,16.9,0.259,0.507,0.711,9.7,4.8,10.0,1.0,0.0
NS-1382,3.6,0.555,0.543,18.5,0.228,0.486,0.854,9.9,5.6,,0.0,0.0
NS-1383,3.8,0.426,0.187,22.1,0.226,0.381,0.735,7.7,3.9,7.0,0.0,0.0
NS-1384,4.9,0.464,0.465,21.0,0.209,0.467,0.736,7.7,4.6,5.0,0.0,1.0
NS-1385,4.1,0.347,0.489,21.6,0.216,0.26,0.663,11.3,4.5,6.0,0.0,0.0
NS-1386,9.0,0.729,0.085,25.8,0.181,0.623,0.858,8.1,5.9,4.0,1.0,0.0
NS-1387,7.4,0.477,0.734,18.0,0.25,0.477,0.745,11.2,5.2,3.0,,0.0
NS-1388,6.5,0.313,0.35,14.2,0.334,0.181,0.7,11.4,3.6,7.0,0.0,0.0
NS-1389,8.2,0.563,0.372,15.0,0.188,0.563,0.938,1.6,6.3,4.0,0.0,0.0
NS-1390,4.4,0.434,0.654,7.2,0.261,0.278,0.761,12.5,2.9,8.0,0.0,0.0
NS-1391,5.6,,0.39,16.7,0.248,0.507,0.819,6.0,5.5,1.0,0.0,0.0
NS-1392,1.5,0.564,0.315,18.1,0.173,0.547,0.721,10.5,5.2,4.0,1.0,0.0
NS-1393,4.8,0.606,0.551,31.7,0.16,0.467,0.609,11.3,5.3,5.0,0.0,0.0
NS-1394,,0.327,0.531,19.4,0.265,0.336,0.774,9.9,5.5,6.0,0.0,1.0
NS-1395,5.6,0.484,0.241,7.6,0.264,0.501,0.855,6.4,,5.0,0.0,0.0
NS-1396,4.6,0.598,0.37,13.1,0.148,0.454,0.808,5.8,4.8,6.0,1.0,1.0
NS-1397,3.0,0.441,0.631,19.5,0.251,0.317,0.826,7.6,6.2,9.0,0.0,0.0
NS-1398,6.7,0.509,0.356,22.5,0.16,0.439,0.777,6.2,6.6,2.0,0.0,1.0
NS-1399,7.0,0.685,0.256,21.7,0.134,0.387,0.878,6.7,4.6,2.0,,1.0
NS-1400,6.5,0.587,0.124,24.3,,0.461,0.741,2.4,5.0,3.0,1.0,1.0
NS-1401,,0.42,0.268,16.6,0.24,0.273,0.614,11.0,4.0,5.0,0.0,0.0
NS-1402,8.4,0.473,0.533,17.0,0.176,0.37,0.831,7.9,5.9,7.0,0.0,0.0
NS-1403,7.7,0.378,,20.5,,0.136,0.801,2.3,5.9,2.0,0.0,0.0
NS-1404,3.2,0.345,0.556,22.0,0.262,0.337,0.66,12.2,,8.0,0.0,0.0
NS-1405,5.2,0.313,,,0.27,,0.666,12.9,5.1,5.0,0.0,1.0
NS-1406,3.5,0.498,0.023,24.2,0.203,0.44,0.766,7.4,6.9,7.0,1.0,1.0
NS-1407,7.3,0.534,0.507,25.6,0.23,0.506,0.809,8.0,5.4,5.0,0.0,1.0
NS-1408,4.3,0.561,0.353,20.0,0.195,0.274,0.668,11.2,3.5,8.0,0.0,1.0
NS-1409,,0.517,0.353,23.0,0.17,0.518,0.811,7.2,4.9,6.0,0.0,1.0
NS-1410,7.2,0.425,0.395,19.1,0.169,0.335,0.799,7.7,5.1,5.0,0.0,1.0
NS-1411,5.1,0.431,0.194,20.6,0.237,,,10.8,4.4,6.0,1.0,1.0
NS-1412,4.7,0.5,0.599,19.3,0.189,0.364,0.713,8.4,5.6,7.0,0.0,1.0
NS-1413,7.5,0.547,0.234,16.7,0.209,0.365,0.814,4.2,6.3,3.0,1.0,0.0
NS-1414,7.3,0.501,0.202,22.9,0.19,0.381,0.845,7.5,4.6,1.0,0.0,0.0
NS-1415,6.9,0.276,0.572,,0.232,0.14,0.7,8.2,3.8,4.0,0.0,0.0
NS-1416,4.9,0.616,0.327,23.9,0.109,0.66,0.751,4.1,5.6,4.0,0.0,0.0
NS-1417,5.8,0.361,0.608,16.8,0.201,0.257,0.85,6.1,3.9,7.0,0.0,0.0
NS-1418,7.6,0.651,0.27,17.6,0.13,0.804,0.766,12.5,5.5,4.0,0.0,0.0
NS-1419,5.9,0.668,0.354,22.0,0.125,0.48,0.865,7.1,4.2,3.0,0.0,0.0
NS-1420,4.8,0.619,0.263,24.8,0.182,0.551,0.645,0.4,4.3,3.0,0.0,1.0
NS-1421,4.3,0.508,0.637,22.8,0.222,0.406,0.636,7.8,,4.0,0.0,0.0
NS-1422,2.8,0.328,0.478,9.8,0.251,0.176,0.811,9.8,5.3,6.0,0.0,1.0
NS-1423,6.5,0.41,0.635,14.3,0.242,0.436,0.815,7.9,5.9,9.0,0.0,0.0
NS-1424,3.8,0.525,0.251,,0.239,0.478,0.703,11.7,4.7,8.0,0.0,1.0
NS-1425,3.8,0.501,0.283,22.3,0.25,0.305,0.787,12.9,3.1,7.0,0.0,0.0
NS-1426,6.2,0.656,0.455,22.3,0.193,0.675,,3.5,5.9,1.0,0.0,0.0
NS-1427,7.9,0.766,0.384,27.7,0.118,0.494,0.819,8.9,4.1,1.0,0.0,0.0
NS-1428,5.9,0.434,0.551,11.9,0.271,0.411,0.902,5.0,2.4,12.0,1.0,
NS-1429,9.4,0.763,0.259,27.5,0.13,0.57,0.942,5.0,5.0,5.0,0.0,1.0
NS-1430,3.4,0.529,0.0,14.7,0.221,0.342,0.767,12.6,4.5,3.0,0.0,1.0
NS-1431,5.8,0.726,0.173,22.5,0.112,0.55,0.805,3.1,5.7,2.0,0.0,1.0
NS-1432,7.3,0.782,0.381,25.5,0.16,0.666,0.877,5.4,4.3,7.0,,1.0
NS-1433,3.4,0.376,0.4,8.8,0.309,0.383,0.714,9.3,4.3,4.0,0.0,0.0
NS-1434,7.2,0.558,0.277,16.2,0.189,0.43,0.825,,5.2,1.0,1.0,
NS-1435,,0.604,0.129,23.6,0.154,0.488,0.795,8.5,5.6,9.0,0.0,0.0
NS-1436,3.8,0.423,0.417,20.4,0.213,0.375,0.745,3.5,5.3,9.0,0.0,0.0
NS-1437,4.7,0.562,,21.2,0.238,,0.878,7.9,5.6,3.0,1.0,0.0
NS-1438,4.7,0.468,0.311,14.6,0.205,0.473,0.778,4.5,5.7,11.0,0.0,1.0
NS-1439,4.3,0.577,0.006,17.6,0.202,0.377,,3.1,6.1,1.0,1.0,0.0
NS-1440,5.6,,0.209,22.8,0.226,0.292,0.773,8.9,6.2,4.0,0.0,0.0
NS-1441,5.0,0.497,0.469,,0.216,0.281,0.877,5.8,4.5,5.0,0.0,0.0
NS-1442,3.1,0.451,0.544,14.1,0.248,0.343,0.814,5.7,5.5,8.0,0.0,1.0
NS-1443,6.6,0.6,0.218,17.7,0.134,0.622,0.8,6.5,4.0,2.0,0.0,0.0
NS-1444,4.7,0.673,,20.9,0.181,0.399,0.732,6.6,6.1,4.0,0.0,0.0
NS-1445,4.9,0.559,0.463,16.7,,0.344,0.698,9.3,4.0,6.0,0.0,0.0
NS-1446,6.6,,0.607,19.8,0.192,0.33,0.806,,5.2,1.0,0.0,0.0
NS-1447,5.5,0.286,0.425,18.4,0.232,0.162,0.809,7.7,3.7,3.0,1.0,0.0
NS-1448,8.4,0.714,0.178,26.0,0.16,,0.841,2.3,5.2,6.0,1.0,0.0
NS-1449,10.6,0.497,0.208,18.5,0.216,0.497,0.841,6.5,6.1,3.0,0.0,0.0
NS-1450,1.4,0.358,0.356,6.5,0.272,0.075,0.7,,6.3,5.0,0.0,1.0
NS-1451,4.2,0.454,0.362,19.2,0.226,0.278,0.702,11.1,4.7,6.0,0.0,1.0
NS-1452,5.5,0.321,0.492,10.5,0.235,0.214,0.752,11.0,3.7,4.0,0.0,0.0
NS-1453,5.9,0.555,0.427,25.0,0.184,0.363,0.926,4.5,6.5,5.0,0.0,0.0
NS-1454,8.4,0.587,0.861,15.4,0.175,0.416,0.791,6.3,4.7,2.0,1.0,1.0
NS-1455,4.1,0.501,0.439,15.2,0.209,0.472,0.88,7.5,5.9,4.0,0.0,1.0
NS-1456,5.5,0.418,0.307,24.1,0.235,0.572,0.867,7.1,,,,1.0
NS-1457,4.2,0.368,0.359,19.8,0.223,0.142,0.856,8.7,3.1,9.0,1.0,1.0
NS-1458,4.2,0.328,0.502,12.9,0.277,0.109,0.748,9.6,4.6,6.0,0.0,1.0
NS-1459,3.4,0.212,0.277,16.1,0.311,0.12,0.786,5.8,4.8,,0.0,0.0
NS-1460,,0.412,0.55,26.5,0.297,0.323,1.0,7.7,,4.0,0.0,1.0
NS-1461,5.3,0.442,0.448,16.5,0.1,0.266,0.824,2.8,6.1,5.0,1.0,0.0
NS-1462,6.3,0.571,0.405,19.6,0.227,0.594,0.81,4.2,4.6,2.0,0.0,0.0
NS-1463,4.7,0.221,0.174,18.7,0.301,0.086,0.783,,4.5,9.0,0.0,0.0
NS-1464,3.8,0.473,0.622,25.6,0.212,0.412,0.882,11.0,4.6,12.0,0.0,1.0
NS-1465,5.5,0.569,0.254,19.6,0.23,0.384,0.875,6.2,3.2,5.0,0.0,0.0
NS-1466,0.6,,0.548,5.3,0.269,0.2,0.939,8.1,4.8,9.0,1.0,0.0
NS-1467,2.6,0.256,0.548,13.1,0.276,0.229,0.825,8.9,5.7,5.0,0.0,1.0
NS-1468,2.9,0.447,0.432,,0.241,0.409,0.862,2.3,5.0,5.0,0.0,1.0
NS-1469,,0.318,0.0,25.2,0.343,0.244,0.781,7.8,5.3,7.0,0.0,1.0
NS-1470,2.8,,0.224,21.4,0.229,0.402,0.733,6.7,4.6,8.0,0.0,0.0
NS-1471,3.7,0.509,0.605,14.5,0.216,0.275,0.7,14.4,4.1,5.0,1.0,0.0
NS-1472,6.6,,0.017,16.0,0.144,0.521,0.627,0.3,4.6,4.0,0.0,1.0
NS-1473,2.3,0.75,0.354,21.9,0.166,,0.778,9.2,4.1,7.0,0.0,0.0
NS-1474,4.4,0.394,0.449,18.6,0.244,0.18,0.781,8.7,4.7,2.0,1.0,0.0
NS-1475,3.9,0.38,0.55,19.4,0.218,0.269,0.95,13.7,6.0,8.0,1.0,1.0
NS-1476,3.7,0.515,0.403,12.9,0.154,0.495,,7.7,5.7,3.0,0.0,1.0
NS-1477,4.9,0.441,0.218,21.9,0.223,0.199,0.75,9.7,3.8,5.0,0.0,0.0
NS-1478,6.4,0.64,0.047,13.5,0.1,0.58,0.815,8.3,4.7,3.0,0.0,0.0
NS-1479,5.3,0.682,0.395,25.5,0.177,0.455,0.693,2.3,3.8,,0.0,1.0
NS-1480,6.3,0.625,0.238,20.0,0.141,0.527,0.786,8.2,4.7,2.0,1.0,0.0
NS-1481,5.6,0.282,0.745,17.0,0.266,,0.751,6.2,4.3,6.0,,0.0
NS-1482,9.6,0.867,0.268,22.6,0.081,0.803,0.799,8.3,6.0,6.0,0.0,0.0
NS-1483,4.8,0.37,0.34,15.2,0.247,0.198,0.831,3.8,4.9,3.0,0.0,0.0
NS-1484,4.0,0.511,0.244,,0.212,0.502,0.683,6.2,2.5,4.0,0.0,
NS-1485,4.6,0.657,0.294,15.3,0.19,0.61,,7.9,5.2,4.0,1.0,0.0
NS-1486,5.5,0.563,0.233,22.8,0.165,0.601,0.746,6.0,4.1,7.0,0.0,1.0
NS-1487,5.2,0.583,0.315,,0.19,0.47,0.868,10.3,4.1,10.0,1.0,1.0
NS-1488,3.6,0.397,0.493,18.9,0.226,0.181,0.729,6.8,5.0,3.0,1.0,1.0
NS-1489,5.2,0.325,0.084,21.7,0.25,0.137,0.717,12.4,3.5,7.0,1.0,1.0
NS-1490,5.0,0.492,0.374,18.5,0.189,0.304,0.888,8.5,5.1,2.0,0.0,1.0
NS-1491,4.1,0.357,0.454,18.5,0.215,0.286,0.74,2.3,4.1,7.0,0.0,0.0
NS-1492,3.0,0.248,0.588,21.8,0.333,0.057,0.726,11.2,4.5,2.0,0.0,0.0
NS-1493,5.1,0.512,,17.6,0.163,0.35,0.755,8.7,,4.0,1.0,0.0
NS-1494,7.2,0.491,0.515,25.8,0.247,0.452,0.77,7.8,5.9,0.0,0.0,0.0
NS-1495,3.0,0.366,0.471,11.0,0.259,0.258,0.793,15.6,4.5,5.0,1.0,1.0
NS-1496,6.2,0.461,0.416,19.0,0.286,0.348,0.894,6.5,4.1,4.0,0.0,0.0
NS-1497,,0.401,0.189,15.8,0.254,0.3,0.676,12.7,5.2,5.0,0.0,0.0
NS-1498,6.6,0.583,0.614,13.6,,0.349,0.733,10.4,4.9,6.0,0.0,1.0
NS-1499,,,0.563,23.8,0.218,0.336,0.636,7.4,5.9,5.0,0.0,1.0
NS-1500,5.6,0.542,,21.8,0.181,0.368,0.807,9.9,5.2,7.0,1.0,1.0
